PYC80225.1,WP_110669060.1,100.000,399,0,0,1,399,1,399,0.0,799,100.00
PYC80225.1,WP_276095330.1,77.608,393,87,1,1,392,1,393,0.0,613,85.24
PYC80225.1,WP_329061001.1,76.531,392,92,0,1,392,1,392,0.0,597,83.67
PYC80225.1,WP_110565442.1,70.573,384,112,1,10,392,19,402,0.0,525,77.60
PYC80225.1,WP_393141813.1,69.466,393,117,2,1,391,1,392,0.0,524,77.61
PYC80225.1,WP_074475319.1,68.974,390,118,2,10,398,19,406,0.0,521,76.92
PYC80225.1,WP_211290407.1,64.675,385,135,1,10,393,10,394,7.18e-164,475,73.51
PYC80225.1,MBL7256029.1,49.740,384,190,2,15,398,11,391,2.35e-107,332,61.20
PYC80225.1,MER5213926.1,46.373,386,197,4,8,390,1,379,2.01e-98,309,59.59
PYC80225.1,WP_240152258.1,47.044,389,193,6,8,391,1,381,1.22e-97,306,60.67
PYC80225.1,WP_403550525.1,47.880,401,189,7,8,397,1,392,1.23e-97,307,59.35
PYC80225.1,WP_398527297.1,47.165,388,196,5,8,392,1,382,4.86e-97,305,60.31
PYC80225.1,WP_270122460.1,49.738,382,179,6,13,390,7,379,1.96e-96,303,60.73
PYC80225.1,WP_076971825.1,47.165,388,194,6,8,391,1,381,2.14e-96,303,59.79
PYC80225.1,WP_381462856.1,46.114,386,203,3,8,392,1,382,5.62e-96,303,58.81
PYC80225.1,WP_328436763.1,46.310,393,198,7,8,395,1,385,7.46e-96,302,59.29
PYC80225.1,WP_432194931.1,45.455,385,205,3,8,391,1,381,1.02e-95,302,58.18
PYC80225.1,WP_467696119.1,46.597,382,200,4,8,389,1,378,1.97e-95,301,61.26
PYC80225.1,WP_159047997.1,46.883,369,195,1,22,390,2,369,1.08e-94,299,57.99
PYC80225.1,WP_345442660.1,49.067,375,183,6,8,380,1,369,1.04e-93,296,60.80
PYC80225.1,WP_451272916.1,44.764,382,207,4,8,389,1,378,1.41e-93,296,58.64
PYC80225.1,WP_436765562.1,46.632,386,203,3,8,393,1,383,4.07e-93,295,58.03
PYC80225.1,WP_364427040.1,48.533,375,185,7,8,380,1,369,1.22e-92,294,62.13
PYC80225.1,WP_262038524.1,45.867,375,198,3,8,381,1,371,2.17e-92,293,59.20
PYC80225.1,WP_382349034.1,48.705,386,181,9,11,390,5,379,5.00e-92,292,61.40
PYC80225.1,WP_453493330.1,44.531,384,210,3,7,390,11,391,5.20e-91,290,59.38
PYC80225.1,WP_218125530.1,46.615,384,191,7,13,390,7,382,5.50e-91,289,60.68
PYC80225.1,ODU05661.1,45.714,385,197,7,14,393,3,380,9.78e-91,289,59.74
PYC80225.1,WP_363536697.1,46.859,382,193,6,13,390,9,384,5.26e-90,287,59.42
PYC80225.1,MCI0685909.1,47.028,387,195,6,8,390,1,381,1.70e-89,286,57.36
PYC80225.1,WP_218126502.1,46.891,386,190,7,11,390,5,381,2.25e-89,285,59.07
PYC80225.1,WP_067519990.1,45.103,388,200,5,10,390,14,395,2.57e-89,286,57.47
PYC80225.1,WP_465440019.1,46.530,389,192,8,11,392,5,384,4.16e-89,285,58.61
PYC80225.1,WP_359949530.1,47.781,383,185,10,13,390,7,379,4.87e-89,284,60.31
PYC80225.1,WP_046090867.1,48.354,395,189,9,8,398,1,384,5.09e-89,285,58.99
PYC80225.1,MCI0688548.1,46.512,387,197,5,8,390,1,381,8.98e-89,285,58.14
PYC80225.1,WP_356731313.1,44.615,390,209,5,8,395,1,385,9.12e-89,284,57.69
PYC80225.1,WP_376301376.1,43.490,384,208,3,10,390,14,391,3.20e-88,283,57.55
PYC80225.1,WP_397769856.1,44.961,387,201,7,8,390,1,379,5.21e-88,282,59.17
PYC80225.1,WP_156206976.1,47.668,386,182,9,9,381,7,385,6.37e-88,281,59.07
PYC80225.1,WP_404101868.1,46.173,392,178,6,1,381,2,371,7.05e-88,281,57.65
PYC80225.1,WP_396524989.1,47.644,382,172,8,10,381,5,368,9.50e-88,281,58.64
PYC80225.1,MGH8882433.1,46.301,365,175,6,13,367,7,360,1.51e-87,280,60.82
PYC80225.1,WP_403628298.1,46.512,387,192,5,10,390,14,391,1.57e-87,281,58.91
PYC80225.1,MER8104565.1,45.619,388,205,4,8,390,1,387,2.23e-87,280,56.19
PYC80225.1,WP_310869278.1,45.767,378,195,5,8,381,1,372,2.71e-87,280,57.67
PYC80225.1,WP_344485181.1,48.901,364,176,7,31,390,6,363,2.79e-87,279,60.71
PYC80225.1,WP_380756640.1,46.154,390,199,5,8,390,1,386,3.93e-87,280,56.67
PYC80225.1,WP_354785015.1,44.361,399,201,7,8,398,1,386,5.30e-87,280,56.39
PYC80225.1,WP_082822395.1,43.188,389,209,8,8,390,1,383,6.67e-87,279,58.61
PYC80225.1,WP_356598123.1,43.959,389,215,3,2,390,6,391,1.48e-86,278,57.58
PYC80225.1,WP_479021549.1,45.995,387,192,6,10,389,2,378,1.69e-86,278,58.40
PYC80225.1,WP_100521517.1,41.645,389,221,3,5,390,27,412,6.34e-86,277,56.56
PYC80225.1,WP_450944137.1,47.423,388,185,6,10,389,2,378,7.68e-86,276,58.25
PYC80225.1,WP_326414878.1,42.674,389,215,4,3,389,8,390,8.33e-86,276,59.13
PYC80225.1,WP_384506017.1,44.675,385,208,4,8,391,1,381,1.50e-85,276,56.88
PYC80225.1,WP_164447499.1,43.700,373,204,4,10,381,12,379,1.51e-85,276,56.84
PYC80225.1,WP_063274437.1,44.619,381,208,3,10,390,12,389,1.61e-85,276,57.48
PYC80225.1,WP_399439263.1,45.897,390,201,6,8,392,1,385,2.39e-85,275,57.18
PYC80225.1,GGM48847.1,42.448,384,218,3,10,393,11,391,2.48e-85,275,58.33
PYC80225.1,WP_378394637.1,42.466,365,207,2,15,379,17,378,3.36e-85,275,61.10
PYC80225.1,WP_452168608.1,44.444,387,207,7,8,392,1,381,5.79e-85,274,59.43
PYC80225.1,WP_479024215.1,43.307,381,213,3,10,390,14,391,6.00e-85,274,57.74
PYC80225.1,WP_198667552.1,46.859,382,193,7,13,390,7,382,6.83e-85,274,58.64
PYC80225.1,MCP2342052.1,44.888,401,203,8,8,395,1,396,1.10e-84,274,57.36
PYC80225.1,WP_369375382.1,45.501,389,197,7,8,390,1,380,1.51e-84,273,56.56
PYC80225.1,WP_158573769.1,43.700,373,204,4,10,381,7,374,2.27e-84,273,57.64
PYC80225.1,MDG5807917.1,46.787,389,186,6,10,389,2,378,2.38e-84,272,56.30
PYC80225.1,WP_376305983.1,46.939,392,195,7,8,393,1,385,2.58e-84,272,56.89
PYC80225.1,WP_363063084.1,45.692,383,201,5,10,390,13,390,2.96e-84,273,57.44
PYC80225.1,WP_399148564.1,46.212,396,201,9,8,399,1,388,3.87e-84,272,58.59
PYC80225.1,WP_355362236.1,44.588,388,209,4,8,390,1,387,4.11e-84,272,55.93
PYC80225.1,WP_362060345.1,44.792,384,203,3,10,390,13,390,5.30e-84,272,56.51
PYC80225.1,WP_222953028.1,42.593,378,211,3,15,389,18,392,6.57e-84,272,59.79
PYC80225.1,WP_351826049.1,45.202,396,200,6,10,398,13,398,6.94e-84,271,56.57
PYC80225.1,WP_433178178.1,44.041,386,211,3,8,392,1,382,8.75e-84,271,56.99
PYC80225.1,WP_365369664.1,44.744,371,202,2,10,380,14,381,1.30e-83,271,57.68
PYC80225.1,WP_382283009.1,47.644,382,193,6,10,389,2,378,1.35e-83,270,57.85
PYC80225.1,WP_451803325.1,42.894,387,206,5,10,390,14,391,1.61e-83,271,57.11
PYC80225.1,WP_398418823.1,47.838,370,183,6,12,378,11,373,1.82e-83,271,59.19
PYC80225.1,WP_318316740.1,44.416,385,209,5,10,393,8,388,1.91e-83,270,57.66
PYC80225.1,WP_019885858.1,44.246,391,204,7,8,390,1,385,2.87e-83,270,56.01
PYC80225.1,WP_398441949.1,45.573,384,202,6,8,389,1,379,3.03e-83,270,59.38
PYC80225.1,WP_075129297.1,42.216,379,210,5,15,389,12,385,4.72e-83,270,58.31
PYC80225.1,WP_402151736.1,47.043,372,186,5,10,381,11,371,6.04e-83,269,58.87
PYC80225.1,WP_037658204.1,45.333,375,199,5,8,381,1,370,7.73e-83,268,57.87
PYC80225.1,WP_404119786.1,46.310,393,198,9,8,393,1,387,1.03e-82,268,57.25
PYC80225.1,WP_221087100.1,42.933,375,204,4,10,381,12,379,1.20e-82,268,56.00
PYC80225.1,WP_179166707.1,46.032,378,181,7,10,381,14,374,1.96e-82,268,57.67
PYC80225.1,HEX5493803.1,43.434,396,195,8,8,390,22,401,2.35e-82,268,56.31
PYC80225.1,WP_280929238.1,44.271,384,207,5,8,390,1,378,2.69e-82,267,57.29
PYC80225.1,WP_345349819.1,44.675,385,200,6,12,390,2,379,2.80e-82,267,56.88
PYC80225.1,WP_384459438.1,42.597,385,211,5,9,390,10,387,5.73e-82,266,56.62
PYC80225.1,WP_451796972.1,46.719,381,192,7,1,381,27,396,5.83e-82,267,58.53
PYC80225.1,WP_243329870.1,45.025,402,191,8,8,393,1,388,6.49e-82,266,55.97
PYC80225.1,WP_382816179.1,44.473,389,197,7,10,390,14,391,6.57e-82,266,58.61
PYC80225.1,WP_370967182.1,41.927,384,210,6,13,390,17,393,7.50e-82,266,58.85
PYC80225.1,MGQ4616392.1,43.846,390,206,6,8,390,1,384,9.26e-82,266,57.18
PYC80225.1,WP_112264076.1,44.737,380,199,7,2,378,3,374,1.25e-81,265,56.58
PYC80225.1,WUT01545.1,44.133,392,210,6,8,394,1,388,1.57e-81,265,56.12
PYC80225.1,WP_448333949.1,44.670,394,201,8,8,393,1,385,1.65e-81,265,55.84
PYC80225.1,WP_193460618.1,45.479,376,189,6,10,381,12,375,1.71e-81,265,57.18
PYC80225.1,WP_361026508.1,42.147,382,207,6,15,389,12,386,2.19e-81,265,58.64
PYC80225.1,WP_044850624.1,45.263,380,201,5,10,389,2,374,2.25e-81,265,56.58
PYC80225.1,XWI29643.1,44.772,373,195,4,10,379,4,368,2.27e-81,265,57.37
PYC80225.1,WP_184777112.1,45.745,376,190,7,10,381,7,372,2.30e-81,265,58.78
PYC80225.1,WP_271223157.1,44.301,386,186,9,10,381,7,377,3.05e-81,265,58.55
PYC80225.1,WP_453343741.1,44.501,391,200,8,8,390,1,382,3.23e-81,265,57.54
PYC80225.1,WP_444828554.1,42.706,377,212,2,13,389,15,387,3.75e-81,265,57.82
PYC80225.1,WP_384893003.1,43.188,389,213,5,5,390,2,385,4.33e-81,264,56.81
PYC80225.1,WP_215449692.1,45.161,372,196,4,10,381,15,378,4.59e-81,265,57.53
PYC80225.1,MET0418791.1,41.005,378,217,3,15,389,6,380,6.19e-81,264,59.79
PYC80225.1,WP_391629356.1,46.310,393,196,9,8,393,1,385,7.98e-81,263,56.49
PYC80225.1,WP_385859880.1,45.953,383,192,7,1,381,26,395,8.46e-81,264,57.96
PYC80225.1,WP_356049549.1,44.416,385,194,9,5,381,1,373,1.14e-80,263,55.58
PYC80225.1,WP_421479357.1,42.627,373,208,4,10,381,12,379,1.15e-80,263,56.30
PYC80225.1,WP_460349948.1,44.531,384,208,4,8,390,1,380,1.31e-80,263,57.03
PYC80225.1,WP_344642606.1,45.430,372,195,4,10,381,12,375,1.72e-80,263,57.80
PYC80225.1,WP_400762750.1,45.823,395,199,8,8,394,1,388,2.01e-80,263,55.19
PYC80225.1,WP_209666929.1,42.782,381,214,4,10,390,12,388,2.03e-80,263,57.74
PYC80225.1,WP_423623616.1,45.812,382,199,6,10,390,21,395,2.11e-80,263,56.54
PYC80225.1,WP_183662695.1,45.699,372,190,7,10,378,5,367,4.99e-80,261,57.26
PYC80225.1,WP_451517604.1,43.377,385,209,4,9,390,8,386,5.55e-80,262,55.84
PYC80225.1,WP_363250874.1,44.935,385,200,4,10,391,13,388,9.96e-80,261,55.32
PYC80225.1,WP_381819026.1,45.038,393,202,5,8,393,1,386,1.17e-79,260,54.96
PYC80225.1,WP_067972339.1,46.966,379,185,9,8,381,1,368,1.82e-79,260,57.52
PYC80225.1,WP_137992698.1,43.959,389,208,7,8,390,1,385,2.01e-79,260,55.53
PYC80225.1,WP_405803087.1,47.532,385,176,12,8,380,1,371,2.34e-79,259,57.66
PYC80225.1,WTW95368.1,44.757,391,201,8,8,390,1,384,2.55e-79,259,54.73
PYC80225.1,WP_055633699.1,45.939,394,198,9,8,393,1,387,2.65e-79,260,56.85
PYC80225.1,WP_453821561.1,44.675,385,192,5,2,381,3,371,2.66e-79,259,56.36
PYC80225.1,WP_329066663.1,45.619,388,200,7,8,390,1,382,3.08e-79,259,55.15
PYC80225.1,HEY6311061.1,45.503,378,193,5,9,382,7,375,3.25e-79,259,57.14
PYC80225.1,WP_467692594.1,44.504,373,201,4,8,379,1,368,3.42e-79,259,57.10
PYC80225.1,WP_453599844.1,47.107,363,177,7,21,381,2,351,3.48e-79,259,59.50
PYC80225.1,WP_402423378.1,44.974,378,200,5,13,389,8,378,3.97e-79,259,55.82
PYC80225.1,WP_362183836.1,44.872,390,197,9,10,391,18,397,4.10e-79,259,58.46
PYC80225.1,WP_030794381.1,44.757,391,207,6,8,393,1,387,5.19e-79,259,54.22
PYC80225.1,WP_451153632.1,41.406,384,222,2,8,391,1,381,5.48e-79,259,56.51
PYC80225.1,HKS99310.1,45.600,375,187,6,10,378,5,368,1.44e-78,257,57.87
PYC80225.1,WP_389814806.1,43.229,384,209,3,10,390,14,391,2.16e-78,258,56.77
PYC80225.1,WP_138058429.1,45.293,393,202,7,8,393,1,387,2.32e-78,257,55.47
PYC80225.1,WP_391212236.1,44.125,383,207,5,10,390,16,393,2.39e-78,258,58.75
PYC80225.1,WP_054569301.1,43.421,380,202,6,16,389,12,384,3.12e-78,257,56.05
PYC80225.1,WP_355883384.1,44.670,394,203,8,8,393,1,387,3.69e-78,256,54.82
PYC80225.1,WP_311633411.1,41.495,388,211,8,8,390,1,377,4.60e-78,256,57.47
PYC80225.1,WP_389474617.1,45.119,379,184,5,10,381,10,371,5.08e-78,256,56.46
PYC80225.1,WP_347680705.1,42.782,381,201,8,15,389,42,411,5.48e-78,257,57.74
PYC80225.1,WP_328868638.1,44.557,395,196,9,8,390,1,384,6.17e-78,256,56.71
PYC80225.1,WP_378349646.1,41.622,370,203,7,15,379,17,378,7.76e-78,256,60.27
PYC80225.1,WP_391000521.1,45.385,390,199,8,8,390,1,383,1.38e-77,255,54.87
PYC80225.1,MHR6347704.1,46.011,376,186,8,9,378,4,368,1.43e-77,255,57.45
PYC80225.1,WP_344865570.1,46.032,378,186,9,10,381,8,373,2.65e-77,254,57.94
PYC80225.1,WP_469478788.1,44.987,389,191,11,13,390,6,382,3.24e-77,254,56.81
PYC80225.1,WP_389290924.1,45.308,373,193,6,9,381,11,372,3.55e-77,254,58.18
PYC80225.1,WP_326698474.1,43.609,399,200,6,8,393,1,387,4.44e-77,254,54.39
PYC80225.1,WP_365633369.1,44.388,392,207,7,8,394,1,386,4.81e-77,254,55.61
PYC80225.1,WP_323392051.1,44.332,397,204,7,2,390,21,408,4.85e-77,254,56.17
PYC80225.1,WP_380223902.1,44.032,377,201,5,15,389,10,378,5.07e-77,253,54.64
PYC80225.1,WP_328868690.1,45.918,392,196,9,8,390,1,385,6.82e-77,254,54.85
PYC80225.1,WP_382560956.1,44.416,394,202,9,8,393,1,385,7.33e-77,253,55.84
PYC80225.1,WP_334027414.1,43.223,391,217,5,3,392,5,391,7.49e-77,253,56.52
PYC80225.1,WP_114626704.1,44.133,392,206,8,8,393,1,385,8.34e-77,253,55.10
PYC80225.1,WP_229326066.1,43.799,379,183,8,10,378,22,380,8.51e-77,253,56.20
PYC80225.1,WP_466734999.1,43.864,383,204,7,13,390,6,382,1.16e-76,253,56.14
PYC80225.1,WP_266361574.1,43.766,393,208,7,8,393,1,387,1.18e-76,253,54.71
PYC80225.1,WP_355592321.1,43.264,386,193,8,15,389,12,382,1.44e-76,252,56.48
PYC80225.1,WP_387747080.1,45.889,377,183,7,10,381,16,376,1.45e-76,253,56.23
PYC80225.1,HEY4018024.1,43.947,380,194,9,10,383,4,370,1.95e-76,252,56.32
PYC80225.1,WP_425774763.1,44.385,374,195,7,9,378,6,370,3.12e-76,251,58.56
PYC80225.1,WP_233521474.1,44.173,369,194,5,13,379,5,363,3.30e-76,251,57.72
PYC80225.1,WP_120025445.1,45.503,378,188,9,10,381,7,372,4.82e-76,251,57.67
PYC80225.1,XWA91042.1,43.085,376,202,6,9,381,6,372,5.14e-76,251,55.85
PYC80225.1,WP_355375723.1,44.730,389,208,6,10,397,4,386,5.36e-76,251,56.56
PYC80225.1,WP_018637157.1,40.885,384,201,4,16,389,12,379,8.37e-76,250,53.39
PYC80225.1,WP_173874136.1,44.652,374,192,7,10,379,4,366,9.27e-76,250,56.95
PYC80225.1,WP_130510122.1,43.583,374,195,9,10,378,14,376,1.26e-75,250,57.75
PYC80225.1,WP_381708104.1,42.015,407,212,7,8,395,1,402,1.32e-75,250,53.81
PYC80225.1,GGZ70023.1,43.291,395,207,9,8,393,1,387,1.39e-75,250,54.43
PYC80225.1,HEX3778379.1,43.421,380,193,10,10,381,18,383,1.50e-75,250,56.32
PYC80225.1,WP_370942424.1,43.386,378,192,8,8,378,1,363,1.79e-75,249,57.67
PYC80225.1,HEV3355158.1,44.772,373,189,9,10,378,4,363,2.24e-75,249,58.18
PYC80225.1,WP_400987886.1,43.590,390,187,6,13,389,8,377,3.04e-75,249,53.33
PYC80225.1,WP_324165434.1,43.817,372,198,7,10,378,22,385,3.80e-75,249,56.99
PYC80225.1,WP_328609580.1,44.974,378,190,9,10,381,6,371,4.39e-75,248,57.94
PYC80225.1,WP_393123944.1,41.969,386,209,8,9,389,6,381,6.52e-75,248,54.92
PYC80225.1,WP_363666984.1,42.440,377,208,6,10,382,42,413,7.13e-75,249,56.76
PYC80225.1,WP_357441898.1,42.408,382,214,4,9,389,4,380,8.74e-75,248,54.19
PYC80225.1,WP_384206941.1,43.590,390,201,7,13,392,6,386,9.87e-75,248,55.64
PYC80225.1,WP_370356716.1,43.603,383,203,6,10,389,11,383,1.25e-74,248,55.87
PYC80225.1,WP_469995344.1,42.175,377,209,6,9,381,4,375,1.75e-74,247,54.38
PYC80225.1,HEY2698429.1,44.032,377,194,7,10,381,5,369,2.15e-74,246,57.03
PYC80225.1,WP_384168829.1,43.750,384,205,6,13,390,6,384,2.46e-74,247,55.73
PYC80225.1,WP_356810780.1,42.318,371,204,6,12,379,14,377,6.74e-74,246,58.22
PYC80225.1,WP_384910275.1,43.490,384,197,10,13,389,8,378,8.16e-74,245,54.95
PYC80225.1,WP_467898441.1,43.041,388,214,5,4,390,7,388,1.12e-73,245,56.19
PYC80225.1,WP_165337348.1,44.584,397,193,9,8,390,1,384,1.36e-73,245,54.41
PYC80225.1,WP_381640419.1,44.560,386,201,8,12,390,5,384,2.30e-73,244,55.44
PYC80225.1,WP_165547105.1,42.175,377,209,7,10,382,37,408,3.08e-73,244,56.23
PYC80225.1,RLU86244.1,43.003,393,201,7,8,390,1,380,5.50e-73,243,52.93
PYC80225.1,MDQ2873315.1,42.674,389,215,6,11,396,2,385,5.66e-73,243,55.01
PYC80225.1,WP_344287771.1,42.931,389,212,7,8,390,1,385,6.20e-73,243,56.56
PYC80225.1,WP_367792475.1,41.818,385,216,5,1,384,1,378,6.27e-73,243,56.36
PYC80225.1,MEU3765294.1,43.229,384,207,7,9,389,11,386,6.57e-73,243,56.25
PYC80225.1,HEU5353237.1,44.416,385,200,7,9,389,22,396,6.68e-73,243,55.58
PYC80225.1,WP_167475652.1,43.045,381,205,7,13,389,10,382,7.06e-73,243,54.59
PYC80225.1,WP_471338002.1,44.730,389,203,6,8,390,1,383,9.11e-73,243,54.50
PYC80225.1,WP_431981441.1,44.359,390,204,6,8,390,1,384,1.25e-72,243,56.15
PYC80225.1,WP_254374891.1,42.969,384,199,9,13,389,8,378,1.57e-72,242,55.21
PYC80225.1,WP_388241940.1,43.501,377,197,6,8,379,1,366,2.03e-72,241,55.44
PYC80225.1,HZS15580.1,42.513,374,204,4,10,380,10,375,2.45e-72,241,54.28
PYC80225.1,WP_380625976.1,41.600,375,212,5,7,381,16,383,2.47e-72,241,55.20
PYC80225.1,WP_083752781.1,41.270,378,217,3,9,383,10,385,2.60e-72,241,54.76
PYC80225.1,WP_433017708.1,40.464,388,207,8,6,382,31,405,2.61e-72,242,54.90
PYC80225.1,WP_449871421.1,44.800,375,190,7,10,378,4,367,2.95e-72,241,57.60
PYC80225.1,WP_422407755.1,42.969,384,206,7,13,391,6,381,5.76e-72,241,54.95
PYC80225.1,WP_489408201.1,42.965,398,203,8,8,393,1,386,5.78e-72,241,54.77
PYC80225.1,WP_387346596.1,43.814,388,201,9,13,392,6,384,7.32e-72,240,55.15
PYC80225.1,WP_433091172.1,45.573,384,192,7,1,381,2,371,8.26e-72,240,56.77
PYC80225.1,WP_388926106.1,40.897,379,216,6,3,379,11,383,8.37e-72,240,55.94
PYC80225.1,WP_327040104.1,41.019,373,214,3,9,381,7,373,1.12e-71,240,53.35
PYC80225.1,MBA2393707.1,40.310,387,197,5,10,381,18,385,1.48e-71,239,52.45
PYC80225.1,WP_189163969.1,43.636,385,196,7,8,384,4,375,2.20e-71,239,55.58
PYC80225.1,WP_436528703.1,41.406,384,210,6,1,381,1,372,2.59e-71,239,54.17
PYC80225.1,WP_369043455.1,42.973,370,198,5,13,378,8,368,2.61e-71,239,52.70
PYC80225.1,WP_403586454.1,41.432,391,202,9,6,382,21,398,2.66e-71,239,53.71
PYC80225.1,WP_369228969.1,42.894,387,205,8,12,390,5,383,2.79e-71,239,54.26
PYC80225.1,WP_363283108.1,42.564,390,203,6,13,392,6,384,2.83e-71,239,53.33
PYC80225.1,WP_451453850.1,44.386,383,195,9,13,389,8,378,3.58e-71,238,54.57
PYC80225.1,WP_389945538.1,43.377,385,203,8,13,391,6,381,4.02e-71,238,54.29
PYC80225.1,HEV3355167.1,43.280,372,201,7,8,377,1,364,4.70e-71,238,55.91
PYC80225.1,WP_450660468.1,40.682,381,202,8,10,381,3,368,4.83e-71,238,55.64
PYC80225.1,HKG38029.1,41.667,372,208,4,10,379,12,376,1.11e-70,237,53.49
PYC80225.1,WP_394728286.1,42.175,377,215,3,8,384,1,374,1.42e-70,237,52.52
PYC80225.1,QIS13061.1,43.045,381,205,7,13,389,164,536,1.56e-70,241,54.59
PYC80225.1,WP_173140785.1,43.152,387,205,9,10,392,5,380,1.72e-70,236,57.11
PYC80225.1,WP_385544673.1,41.885,382,215,4,13,390,6,384,2.25e-70,236,54.45
PYC80225.1,WP_179285152.1,43.257,393,210,6,8,391,5,393,2.33e-70,237,52.93
PYC80225.1,WP_355836860.1,43.548,372,193,11,13,378,8,368,3.09e-70,236,55.11
PYC80225.1,WP_403586331.1,41.953,379,200,7,10,381,4,369,3.83e-70,235,55.41
PYC80225.1,WP_467175909.1,43.478,391,187,10,13,389,5,375,4.46e-70,236,51.92
PYC80225.1,WP_330323315.1,43.864,383,187,11,9,379,10,376,4.76e-70,236,56.92
PYC80225.1,WP_007495061.1,41.860,387,210,9,8,390,1,376,5.96e-70,235,52.71
PYC80225.1,WP_082688384.1,40.314,382,209,5,15,389,12,381,6.22e-70,235,54.71
PYC80225.1,WP_404124346.1,42.779,367,202,4,13,378,8,367,7.39e-70,235,52.86
PYC80225.1,WP_449841714.1,42.513,374,207,6,10,383,16,381,8.17e-70,235,56.15
PYC80225.1,WP_405557777.1,41.253,383,218,5,8,390,1,376,8.58e-70,235,51.96
PYC80225.1,WP_076986768.1,41.927,384,214,7,10,392,5,380,9.59e-70,234,57.03
PYC80225.1,WP_360047594.1,42.246,374,208,6,10,383,16,381,1.19e-69,234,56.42
PYC80225.1,WP_397561592.1,40.470,383,208,6,5,381,9,377,1.66e-69,234,53.79
PYC80225.1,WP_364263251.1,41.579,380,208,6,7,378,19,392,1.79e-69,234,53.16
PYC80225.1,WP_358872109.1,40.695,403,195,6,8,382,1,387,2.23e-69,234,51.36
PYC80225.1,MCW2931573.1,40.000,380,218,3,13,389,9,381,3.42e-69,233,54.47
PYC80225.1,MBL1109416.1,41.117,394,200,8,8,389,1,374,4.08e-69,233,51.02
PYC80225.1,WP_161162749.1,42.784,388,205,8,8,390,1,376,4.34e-69,233,51.03
PYC80225.1,WP_149656398.1,43.478,391,195,6,15,393,35,411,4.42e-69,234,54.48
PYC80225.1,WP_382785039.1,41.299,385,219,5,8,389,1,381,4.46e-69,233,54.81
PYC80225.1,WP_368960386.1,41.809,409,201,7,12,393,25,423,4.69e-69,234,51.59
PYC80225.1,WP_356069469.1,40.701,371,205,5,14,379,6,366,5.77e-69,232,56.33
PYC80225.1,WP_459646303.1,41.758,364,209,2,21,384,2,362,7.33e-69,232,53.57
PYC80225.1,WP_193614088.1,40.943,403,202,11,8,392,6,390,7.40e-69,233,52.61
PYC80225.1,WP_474574407.1,41.842,380,199,6,6,379,9,372,8.62e-69,232,55.26
PYC80225.1,WP_403588062.1,41.755,376,205,6,9,379,6,372,1.70e-68,231,54.79
PYC80225.1,HEY4453176.1,40.957,376,207,7,10,381,4,368,1.72e-68,231,55.85
PYC80225.1,WP_280238243.1,41.223,376,215,4,15,389,10,380,1.95e-68,231,53.99
PYC80225.1,WP_389137499.1,40.617,389,209,8,13,395,8,380,2.10e-68,231,53.21
PYC80225.1,WP_176357834.1,40.967,393,203,5,15,393,40,417,2.14e-68,232,55.22
PYC80225.1,WP_467522726.1,42.667,375,197,8,12,379,3,366,2.29e-68,231,56.00
PYC80225.1,WP_398858290.1,40.933,386,206,9,13,391,5,375,2.34e-68,231,52.33
PYC80225.1,WP_382216014.1,40.779,385,217,7,8,390,2,377,2.76e-68,231,51.17
PYC80225.1,HEY7224673.1,43.158,380,206,5,7,382,10,383,2.79e-68,231,54.47
PYC80225.1,WP_191496964.1,40.500,400,210,6,8,394,31,415,2.93e-68,232,53.25
PYC80225.1,WP_215545201.1,41.379,377,208,6,9,378,13,383,3.32e-68,231,54.11
PYC80225.1,WP_319323205.1,40.860,372,209,5,14,382,6,369,3.65e-68,230,56.45
PYC80225.1,WP_356808563.1,40.206,388,217,6,8,389,1,379,3.65e-68,231,52.06
PYC80225.1,WP_365191597.1,41.688,391,205,10,8,390,1,376,4.26e-68,230,51.92
PYC80225.1,CTQ90668.1,40.318,377,217,3,10,384,10,380,5.16e-68,230,54.64
PYC80225.1,WP_413754959.1,41.192,386,200,6,10,381,24,396,5.79e-68,231,53.11
PYC80225.1,WP_378239312.1,40.160,376,213,5,10,378,20,390,5.93e-68,231,54.26
PYC80225.1,MCR1785886.1,41.176,374,200,9,15,382,9,368,7.22e-68,229,56.95
PYC80225.1,HTZ44682.1,43.316,374,194,10,10,377,13,374,8.17e-68,230,57.49
PYC80225.1,WP_311626205.1,40.000,395,222,9,8,394,1,388,9.16e-68,230,54.43
PYC80225.1,WP_426600723.1,41.534,378,210,6,15,389,8,377,1.01e-67,229,52.38
PYC80225.1,WP_478837025.1,41.146,384,215,8,8,389,1,375,1.04e-67,229,50.78
PYC80225.1,WP_389736129.1,43.122,378,197,8,10,381,43,408,1.42e-67,230,55.29
PYC80225.1,MER6314431.1,41.814,397,188,10,13,389,8,381,1.46e-67,229,51.64
PYC80225.1,WP_402658780.1,41.039,385,214,5,13,390,6,384,1.91e-67,229,53.51
PYC80225.1,WP_164258107.1,40.751,373,205,7,13,380,8,369,2.06e-67,229,53.62
PYC80225.1,WP_392746365.1,41.379,377,218,2,8,384,1,374,2.10e-67,229,50.40
PYC80225.1,WP_266646428.1,40.568,387,202,11,15,389,11,381,2.55e-67,228,54.52
PYC80225.1,WP_356202091.1,42.440,377,207,7,15,389,10,378,2.55e-67,228,54.38
PYC80225.1,WP_478996475.1,43.229,384,201,11,13,389,8,381,2.90e-67,228,53.65
PYC80225.1,WP_285967728.1,42.857,371,203,5,14,381,13,377,3.38e-67,228,53.10
PYC80225.1,WP_360648164.1,41.848,368,200,5,15,378,12,369,3.38e-67,228,52.45
PYC80225.1,WP_467611771.1,41.161,379,210,5,8,381,4,374,3.47e-67,228,52.51
PYC80225.1,WP_344492087.1,43.360,369,193,7,15,378,10,367,3.83e-67,228,53.39
PYC80225.1,WP_094009173.1,40.967,393,192,6,15,389,12,382,3.90e-67,228,51.15
PYC80225.1,WP_360271266.1,41.534,378,209,5,8,384,1,367,5.37e-67,227,52.12
PYC80225.1,WP_389374671.1,44.211,380,189,9,10,379,14,380,5.95e-67,228,55.79
PYC80225.1,WP_327389163.1,42.784,388,196,13,13,389,8,380,6.72e-67,227,54.12
PYC80225.1,WP_453100564.1,40.470,383,208,8,15,389,10,380,8.24e-67,227,53.00
PYC80225.1,WP_383022969.1,40.310,387,218,7,8,390,1,378,1.01e-66,227,51.68
PYC80225.1,WP_280236342.1,40.052,382,211,4,15,389,10,380,1.04e-66,227,52.36
PYC80225.1,WP_083102943.1,41.192,386,211,4,15,393,38,414,1.48e-66,228,54.15
PYC80225.1,WP_399608155.1,41.995,381,187,10,13,378,10,371,1.64e-66,226,53.81
PYC80225.1,MEU1622394.1,41.860,387,197,11,15,389,11,381,1.70e-66,226,53.49
PYC80225.1,WP_083597223.1,40.000,385,218,6,4,381,28,406,1.77e-66,227,54.81
PYC80225.1,WP_386978664.1,42.746,386,195,9,15,389,12,382,2.19e-66,226,51.81
PYC80225.1,WP_403586322.1,40.415,386,207,7,8,382,2,375,3.05e-66,226,53.89
PYC80225.1,WP_392202966.1,42.228,386,201,7,15,389,7,381,3.77e-66,226,50.52
PYC80225.1,MER8002107.1,42.298,383,205,8,13,390,7,378,3.84e-66,225,52.22
PYC80225.1,WP_399954179.1,41.799,378,205,8,8,380,3,370,4.90e-66,225,52.38
PYC80225.1,WP_471116613.1,40.625,384,209,9,13,390,6,376,5.29e-66,225,51.56
PYC80225.1,WP_391985697.1,41.282,390,193,9,15,389,8,376,5.74e-66,225,52.05
PYC80225.1,WP_378397404.1,40.584,377,216,5,10,381,13,386,6.18e-66,225,53.05
PYC80225.1,WP_329073631.1,42.147,382,213,4,13,390,6,383,6.42e-66,225,52.88
PYC80225.1,WP_388118643.1,42.105,380,201,8,10,381,11,379,7.35e-66,225,53.68
PYC80225.1,WP_359158592.1,42.175,377,194,9,15,381,16,378,1.09e-65,224,55.17
PYC80225.1,ETW23815.1,42.391,368,196,4,34,394,1,359,1.12e-65,223,54.62
PYC80225.1,WP_344047966.1,41.710,386,199,10,15,389,11,381,1.25e-65,224,53.37
PYC80225.1,WP_483799143.1,40.470,383,212,9,12,389,9,380,1.82e-65,224,53.52
PYC80225.1,WP_329140980.1,42.192,365,203,4,15,378,3,360,1.83e-65,223,51.51
PYC80225.1,WP_451626357.1,40.360,389,201,8,15,389,12,383,1.96e-65,224,53.73
PYC80225.1,WP_145937100.1,43.583,374,200,6,12,381,11,377,2.02e-65,224,52.67
PYC80225.1,WP_470845986.1,41.282,390,200,12,12,389,7,379,2.57e-65,223,52.82
PYC80225.1,WP_213456333.1,40.665,391,212,7,1,381,3,383,2.59e-65,224,53.45
PYC80225.1,WP_401696079.1,41.085,387,200,9,15,389,12,382,2.83e-65,223,52.20
PYC80225.1,WP_161360396.1,40.458,393,194,13,15,389,12,382,3.73e-65,223,54.96
PYC80225.1,WP_450676941.1,40.979,388,203,8,13,389,8,380,3.81e-65,223,53.87
PYC80225.1,WP_385695825.1,42.408,382,202,10,15,389,12,382,3.81e-65,223,55.50
PYC80225.1,WP_470111340.1,40.682,381,210,7,15,389,12,382,4.02e-65,223,53.02
PYC80225.1,WP_361702572.1,41.538,390,194,10,15,389,12,382,4.48e-65,223,52.31
PYC80225.1,WP_468233439.1,41.562,397,189,12,13,389,8,381,4.60e-65,223,52.90
PYC80225.1,WP_388749211.1,41.039,385,202,10,15,389,12,381,5.12e-65,223,53.51
PYC80225.1,WP_308944696.1,40.573,419,205,9,8,395,1,406,5.28e-65,223,52.03
PYC80225.1,WP_384299982.1,40.201,398,194,10,13,391,5,377,5.29e-65,223,51.01
PYC80225.1,WP_449827011.1,40.476,378,202,6,9,381,10,369,6.13e-65,222,53.17
PYC80225.1,MGH3191243.1,45.789,380,184,5,12,381,5,372,6.36e-65,222,57.63
PYC80225.1,WP_266727975.1,40.945,381,202,8,8,379,4,370,6.38e-65,222,53.54
PYC80225.1,WP_329296153.1,41.266,395,188,12,15,389,12,382,7.02e-65,222,53.42
PYC80225.1,WP_393534978.1,41.645,389,195,13,15,389,11,381,8.73e-65,222,55.01
PYC80225.1,WP_346186757.1,40.741,378,203,7,15,381,11,378,8.79e-65,222,53.70
PYC80225.1,WP_365055450.1,41.470,381,212,5,8,384,1,374,9.70e-65,222,51.71
PYC80225.1,WP_330346613.1,40.789,380,211,9,15,389,12,382,1.08e-64,222,53.68
PYC80225.1,WP_365936421.1,41.818,385,200,12,15,389,12,382,1.12e-64,221,53.51
PYC80225.1,WP_468269049.1,40.365,384,207,9,15,389,12,382,1.19e-64,221,52.60
PYC80225.1,WP_416582624.1,41.192,369,209,5,15,382,15,376,1.19e-64,222,52.03
PYC80225.1,WP_386372962.1,40.874,389,198,11,15,389,10,380,1.20e-64,221,53.21
PYC80225.1,WP_384214890.1,40.369,379,219,3,8,384,1,374,1.24e-64,221,49.87
PYC80225.1,GIJ44235.1,42.359,373,202,8,10,378,11,374,1.37e-64,221,54.96
PYC80225.1,WP_269726844.1,40.838,382,210,6,13,384,18,393,1.43e-64,222,52.36
PYC80225.1,WP_388682016.1,41.191,403,181,11,13,389,8,380,1.55e-64,221,52.85
PYC80225.1,MGC7101406.1,41.579,380,200,7,15,386,17,382,1.61e-64,221,51.84
PYC80225.1,WP_388810168.1,41.842,380,212,6,8,384,1,374,1.81e-64,221,52.11
PYC80225.1,WP_383494014.1,41.927,384,210,8,13,389,9,386,1.82e-64,221,54.17
PYC80225.1,WP_469369360.1,41.316,380,209,8,15,389,12,382,2.21e-64,221,53.68
PYC80225.1,WP_267092125.1,42.408,382,206,7,13,389,8,380,2.76e-64,221,52.88
PYC80225.1,WP_384975899.1,41.026,390,211,9,8,390,1,378,2.99e-64,221,51.79
PYC80225.1,WP_250849209.1,42.857,378,188,11,15,380,12,373,3.05e-64,220,55.03
PYC80225.1,WP_344430779.1,41.689,379,191,11,15,380,12,373,3.24e-64,220,55.15
PYC80225.1,WP_384124890.1,40.576,382,209,8,15,389,10,380,3.31e-64,220,52.09
PYC80225.1,WP_450216632.1,41.582,392,192,11,15,389,6,377,3.73e-64,220,53.06
PYC80225.1,WP_398072594.1,40.365,384,218,5,9,389,4,379,4.07e-64,220,52.08
PYC80225.1,WP_453232837.1,41.555,373,200,8,15,380,11,372,4.16e-64,220,54.42
PYC80225.1,WP_366251118.1,41.026,390,199,11,13,389,10,381,4.35e-64,220,53.59
PYC80225.1,WP_097276114.1,40.260,385,215,7,13,389,9,386,4.62e-64,220,52.73
PYC80225.1,WP_393704003.1,42.051,390,192,11,15,389,12,382,4.97e-64,220,51.54
PYC80225.1,WP_453818444.1,44.504,373,189,7,15,381,11,371,5.11e-64,220,54.96
PYC80225.1,WP_083115648.1,40.979,388,211,5,15,394,34,411,5.87e-64,221,54.38
PYC80225.1,WP_331915418.1,40.967,393,192,7,15,389,10,380,6.35e-64,219,51.40
PYC80225.1,WP_037881970.1,40.426,376,208,7,15,384,8,373,7.29e-64,219,53.99
PYC80225.1,WP_471105049.1,41.600,375,205,9,20,389,2,367,7.41e-64,219,54.13
PYC80225.1,WP_450591361.1,40.306,392,210,10,8,390,1,377,7.62e-64,219,50.51
PYC80225.1,WP_403745472.1,43.077,390,200,9,15,396,7,382,7.66e-64,226,51.03
PYC80225.1,WP_345052913.1,42.708,384,196,8,15,389,7,375,7.91e-64,219,50.52
PYC80225.1,WP_204808186.1,41.316,380,191,5,15,379,35,397,8.99e-64,220,53.42
PYC80225.1,HET6857489.1,40.945,381,213,6,13,389,4,376,9.20e-64,219,51.97
PYC80225.1,WP_478942741.1,40.318,377,222,2,8,384,1,374,9.47e-64,219,49.87
PYC80225.1,WP_129292093.1,41.791,402,176,13,15,389,12,382,1.11e-63,219,53.73
PYC80225.1,WP_319120639.1,40.874,389,212,9,8,390,1,377,1.25e-63,219,51.16
PYC80225.1,WP_501028670.1,40.789,380,211,8,15,389,12,382,1.30e-63,219,54.47
PYC80225.1,WP_403036440.1,40.568,387,202,9,15,389,12,382,1.33e-63,219,52.45
PYC80225.1,WP_362457403.1,41.099,382,207,10,15,389,12,382,1.42e-63,219,53.66
PYC80225.1,WP_083114460.1,40.355,394,222,8,9,399,32,415,1.47e-63,220,52.79
PYC80225.1,WP_401254942.1,40.256,390,203,9,13,389,10,382,1.48e-63,219,52.31
PYC80225.1,WP_367742229.1,40.798,326,182,7,4,325,12,330,1.61e-63,219,58.90
PYC80225.1,HUD39674.1,40.267,375,211,5,9,381,4,367,2.55e-63,218,52.80
PYC80225.1,WP_356048395.1,40.155,386,205,8,15,389,12,382,3.67e-63,218,51.81
PYC80225.1,WP_091657146.1,40.874,389,203,10,1,381,1,370,3.92e-63,218,54.24
PYC80225.1,WP_057608322.1,40.204,393,193,10,15,389,12,380,4.69e-63,217,52.67
PYC80225.1,WP_365830337.1,40.561,392,195,11,15,389,3,373,4.90e-63,217,53.06
PYC80225.1,HBL26586.1,41.576,368,185,7,10,358,19,375,5.35e-63,218,52.99
PYC80225.1,WP_346184418.1,40.106,379,206,5,15,384,8,374,5.41e-63,217,50.66
PYC80225.1,WP_423575480.1,41.270,378,200,7,15,384,17,380,5.58e-63,218,50.79
PYC80225.1,WP_099279259.1,41.645,389,195,12,15,389,10,380,6.96e-63,217,53.21
PYC80225.1,WP_093603917.1,41.071,392,208,11,8,390,1,378,8.59e-63,217,51.53
PYC80225.1,WP_228708422.1,42.604,338,191,3,53,390,91,425,1.10e-62,218,54.73
PYC80225.1,WP_266593087.1,41.361,382,206,7,13,389,8,376,1.16e-62,216,52.09
PYC80225.1,WP_289956568.1,40.533,375,202,9,13,378,8,370,1.26e-62,216,53.87
PYC80225.1,WP_405796343.1,41.361,382,217,4,13,390,6,384,1.26e-62,216,52.62
PYC80225.1,HEX4966296.1,41.131,389,188,7,10,380,10,375,1.50e-62,216,51.16
PYC80225.1,WP_402147930.1,41.710,386,199,12,15,389,12,382,1.50e-62,216,53.63
PYC80225.1,WP_469281253.1,40.967,393,204,8,8,389,1,376,1.57e-62,216,49.87


