"genero","especie","numero_access_node_id"
"Lactobacillus","Lactobacillus paragasseri","WP_259592873.1"
"Streptococcus","Streptococcus pyogenes","WP_136290222.1"
"Streptococcus","Streptococcus pseudoporcinus","WP_138068659.1"
"Streptococcus","Streptococcus pseudoporcinus","WP_077353871.1"
"Listeria","Listeria monocytogenes","EAC2412716.1"
"Listeria","Listeria monocytogenes","EAE7854086.1"
"Staphylococcus","Staphylococcus aureus","HDD0571723.1"
"Staphylococcus","Staphylococcus chromogenes","WP_449126154.1"
"Staphylococcus","Staphylococcus intermedius","WP_180706921.1"
"Mediterraneibacter","Mediterraneibacter gnavus","WP_272108069.1"
"Bacillus","Bacillus altitudinis","WP_159145831.1"
"Novibacillus","Novibacillus thermophilus","WP_149027012.1"
"Mammaliicoccus","Mammaliicoccus sciuri","WP_239372408.1"
"Staphylococcus","Staphylococcus agnetis","WP_174167550.1"
"Bacillus","Bacillus sp. FSL R5-0811","WP_341117738.1"
"Macrococcoides","Macrococcoides caseolyticum","WP_172686359.1"
"Halobacillus","Halobacillus salinarum","WP_244712289.1"
"Luxibacter","Luxibacter massiliensis","MIO8983352.1"
"Bacillus","Bacillus cereus ATCC 14579","AAP11954.1"
"Priestia","Priestia megaterium","WP_449305956.1"
"Gottfriedia","Gottfriedia solisilvae","WP_430510494.1"
"Paenibacillus","Paenibacillus larvae","WP_230460689.1"
"Bacillus","Bacillus toyonensis","WP_262734329.1"
"Effusibacillus","Effusibacillus lacus","WP_096183859.1"
"Paenibacillus","Paenibacillus sp. Soil724D2","WP_060647049.1"
"Bacillota","Bacillota bacterium","MGM0852453.1"
"Priestia","Priestia abyssalis","WP_078410373.1"
"Halobacillus","Halobacillus halophilus","WP_014642915.1"
"Brevibacillus","Brevibacillus ruminantium","WP_251870361.1"
"Metabacillus","Metabacillus sp. Hm71","WP_439251850.1"
"Halobacillus","Halobacillus alkaliphilus","WP_089751961.1"
"Anaerobacillus","Anaerobacillus sp.","MGB8000546.1"
"Halobacillus","Halobacillus sp. SY10","WP_406946048.1"
"Paenibacillus","Paenibacillus sp. DMB20","WP_046681616.1"
"Neobacillus","Neobacillus driksii","WP_179595939.1"
"unclassified","unclassified Bacillus (in: firmicutes)","WP_090831756.1"
"Niallia","Niallia sp. XMNu-256","WP_338472432.1"
"Bacillus","Bacillus sp. (in: firmicutes)","HWO95046.1"
"Halobacillus","Halobacillus litoralis","WP_160917664.1"
"Mesobacillus","Mesobacillus maritimus","WP_251556452.1"
"Guptibacillus","Guptibacillus hwajinpoensis","WP_283152618.1"
"Halobacillus","Halobacillus sp. GSS1","WP_206946261.1"
"Metabacillus","Metabacillus litoralis","WP_251525773.1"
"Salinithrix","Salinithrix halophila","WP_380704826.1"
"Bacillus","Bacillus sp. V3B","WP_256240891.1"
"Bacillus","Bacillus sp. CZDM1","WP_464867902.1"
"Neobacillus","Neobacillus sp. MER 74","WP_251462521.1"
"Halobacillus","Halobacillus halophilus","WP_224894603.1"
"Thermolongibacillus","Thermolongibacillus altinsuensis","WP_132949104.1"
"Halobacillus","Halobacillus mangrovi","WP_085028540.1"
"unclassified","unclassified Cytobacillus","WP_251284200.1"
"Paenibacillus","Paenibacillus contaminans","WP_238178155.1"
"Cytobacillus","Cytobacillus horneckiae","WP_066198254.1"
"Bacillus","Bacillus methanolicus","WP_004436721.1"
"Oikeobacillus","Oikeobacillus pervagus","MDQ0216070.1"
"Bacillus","Bacillus sp. AFS002410","WP_098118052.1"
"Thermoactinomyces","Thermoactinomyces mirandus","WP_181740007.1"
"Neobacillus","Neobacillus massiliamazoniensis","WP_090635197.1"
"Bacillus","Bacillus sp. B15-48","WP_203555391.1"
"Metabacillus","Metabacillus herbersteinensis","WP_378935837.1"
"Bacillus","Bacillus sp. MRMR6","WP_483295242.1"
"Metabacillus","Metabacillus arenae","WP_191158009.1"
"Bacillus","Bacillus norwichensis","WP_191815135.1"
"Cytobacillus","Cytobacillus purgationiresistens","MDQ0268595.1"
"Cytobacillus","Cytobacillus firmus","WP_264737799.1"
"Paenibacillus","Paenibacillus sp. P5_B5","WP_477555794.1"
"Lederbergia","Lederbergia citri","WP_213126922.1"
"Pseudalkalibacillus","Pseudalkalibacillus sp. NRS-1564","WP_430241152.1"
"Cytobacillus","Cytobacillus firmus","WP_404354919.1"
"Sporosarcina","Sporosarcina koreensis","WP_060206736.1"
"Bacillus","Bacillus sp. SLBN-46","WP_309866557.1"
"Bacillus","Bacillus kandeliae","WP_338753039.1"
"Brevibacillus","Brevibacillus aydinogluensis","WP_304415071.1"
"Priestia","Priestia aryabhattai","WP_209149902.1"
"Cytobacillus","Cytobacillus sp. Bva_UNVM-123","WP_409972123.1"
"Paenibacillus","Paenibacillus filicis","WP_341419750.1"
"Oceanobacillus","Oceanobacillus luteolus","WP_379596765.1"
"Cytobacillus","Cytobacillus sp. NCCP-133","WP_264806830.1"
"Bacillus","Bacillus sp. F19","USK33104.1"
"Guptibacillus","Guptibacillus hwajinpoensis","WP_427408972.1"
"Priestia","Priestia iocasae","WP_205186330.1"
"Rossellomorea","Rossellomorea pakistanensis","WP_205174600.1"
"Paenibacillus","Paenibacillus cymbidii","WP_135555307.1"
"Paenibacillus","Paenibacillus sp. F024","WP_488980864.1"
"Bacillus","Bacillus benzoevorans","WP_184525239.1"
"Paenibacillus","Paenibacillus sp. OSY-SE","WP_019419012.1"
"Bacillus","Bacillus sp. SD088","WP_207450710.1"
"Bacillus","Bacillus sp. UMB0893","WP_101569076.1"
"Bacillus","Bacillus sp. MUM 116","WP_071355272.1"
"Nonomuraea","Nonomuraea sp. NPDC049309","WP_393202637.1"
"Lentibacillus","Lentibacillus daqui","WP_269411479.1"
"Halalkalibacter","Halalkalibacter kiskunsagensis","WP_335963767.1"
"Neobacillus","Neobacillus sp. PS3-12","WP_308173812.1"
"Brevibacillus","Brevibacillus nigriterrae","WP_425653140.1"
"Alkalihalobacillus","Alkalihalobacillus sp. TS-13","WP_221568249.1"
"Brevibacillus","Brevibacillus fluminis","WP_122917628.1"
"Halobacillus","Halobacillus sp. AWM4_238","WP_474962257.1"
"Siminovitchia","Siminovitchia fortis","WP_144463642.1"
"Bacillus","Bacillus haimaensis","WP_417899701.1"
"Halobacillus","Halobacillus rhizosphaerae","WP_411789310.1"
"Peribacillus","Peribacillus alkalitolerans","WP_163099783.1"
"Siminovitchia","Siminovitchia sediminis","WP_380772463.1"
"Neobacillus","Neobacillus niacini","WP_411257161.1"
"Alkalihalobacillus","Alkalihalobacillus sp. BA299","WP_209123616.1"
"Neobacillus","Neobacillus dielmonensis","WP_042461349.1"
"Peribacillus","Peribacillus psychrosaccharolyticus","WP_201648119.1"
"unclassified","unclassified Paenibacillus","WP_072327887.1"
"Parageobacillus","Parageobacillus sp. VR-IP","WP_175245556.1"
"Bacillus","Bacillus oleivorans","WP_097160670.1"
"Metabacillus","Metabacillus endolithicus","WP_379053633.1"
"Bacillus","Bacillus songklensis","WP_377915070.1"
"Pseudalkalibacillus","Pseudalkalibacillus sp. A8","WP_408009875.1"
"Neobacillus","Neobacillus solisequens","WP_435556161.1"
"Paenalicyclobacillus","Paenalicyclobacillus pomorum","WP_026965462.1"
"Bacillus","Bacillus litorisediminis","WP_243355304.1"
"Neobacillus","Neobacillus niacini","NYE04466.1"
"Bacillus","Bacillus sp. FJAT-27445","WP_059173150.1"
"Bacillus","Bacillus sp. ISL-47","WP_214722636.1"
"Fictibacillus","Fictibacillus sp. UD","WP_394603343.1"
"Bacillus","Bacillus sp. B15-48","WP_203557025.1"
"Peribacillus","Peribacillus psychrosaccharolyticus","WP_475728884.1"
"Peribacillus","Peribacillus tepidiphilus","WP_374720823.1"
"Paenibacillus","Paenibacillus thailandensis","WP_379269293.1"
"Bacillota","Bacillota bacterium","MDP4154369.1"
"Cytobacillus","Cytobacillus sp.","WP_370222952.1"
"Metabacillus","Metabacillus sediminilitoris","WP_136351696.1"
"Bacillus","Bacillus sp. JJ1533","WP_335395742.1"
"Paenibacillus","Paenibacillus sp. 32O-W","WP_144932641.1"
"Mesobacillus","Mesobacillus subterraneus","WP_251483494.1"
"Polycladomyces","Polycladomyces abyssicola","WP_212774699.1"
"Bacillus","Bacillus chungangensis","WP_307228611.1"
"Bacillus","Bacillus sp. JJ1562","WP_335704340.1"
"Fictibacillus","Fictibacillus sp. EA-CB0309","WP_473724875.1"
"Paenibacillus","Paenibacillus elgii","WP_063179227.1"
"Pseudoneobacillus","Pseudoneobacillus rhizosphaerae","CAG9607584.1"
"unclassified","unclassified Mesobacillus","WP_475096464.1"
"Neobacillus","Neobacillus sp. FSL H8-0543","WP_342431230.1"
"Neobacillus","Neobacillus sp. NPDC093182","WP_402622449.1"
"Brevibacillus","Brevibacillus sp. SYP-B805","WP_165207533.1"
"Paludifilum","Paludifilum halophilum","OYD06880.1"
"Bacillus","Bacillus sp. FJAT-29790","WP_217038403.1"
"Bacillus","Bacillus sp. FSL P2-0235","WP_341071942.1"
"Fictibacillus","Fictibacillus halophilus","WP_198767423.1"
"Bacillus","Bacillus sp. REN3","WP_210366632.1"
"Brevibacillus","Brevibacillus sp. B_LB10_24","WP_408108273.1"
"Priestia","Priestia megaterium","TYR78616.1"
"Bacillus","Bacillus salipaludis","WP_133335353.1"
"Peribacillus","Peribacillus asahii","WP_252295250.1"
"Neobacillus","Neobacillus ginsengisoli","WP_307409558.1"
"Paenibacillus","Paenibacillus sp. D2_2","WP_309154692.1"
"Cohnella","Cohnella terricola","WP_144699461.1"
"Cytobacillus","Cytobacillus citreus","WP_213104404.1"
"Bacillus","Bacillus sp. JJ1566","WP_335424268.1"
"Mesobacillus","Mesobacillus sp. QJM3NY_10","WP_475427769.1"
"Rossellomorea","Rossellomorea aquimaris","WP_113969670.1"
"Brevibacillus","Brevibacillus invocatus","RNB68160.1"
"Bacillus","Bacillus sp. EB600","WP_256233886.1"
"Mesobacillus","Mesobacillus subterraneus","WP_125478656.1"
"Neobacillus","Neobacillus oceani","WP_409274892.1"
"Paenibacillus","Paenibacillus","WP_251407829.1"
"Rossellomorea","Rossellomorea arthrocnemi","WP_201714665.1"
"Sporosarcina","Sporosarcina sp. ACRSL","WP_239432773.1"
"Bacillaceae","Bacillaceae bacterium Marseille-Q3522","MBP3040987.1"
"Paenibacillus","Paenibacillus cellulosilyticus","WP_110044842.1"
"Bacillus","Bacillus sp. NEB1478","WP_310759810.1"
"Clostridia","Clostridia bacterium","MGE5702986.1"
"Paenibacillus","Paenibacillus sp. 32O-W","WP_062493101.1"
"Bacillus","Bacillus sp. FSL K6-3431","WP_340915254.1"
"Cohnella","Cohnella luojiensis","WP_135151542.1"
"Peribacillus","Peribacillus asahii","WP_119116690.1"
"Bacillus","Bacillus sp. JJ1474","WP_335353722.1"
"Paenibacillus","Paenibacillus solanacearum","WP_218090145.1"
"Neobacillus","Neobacillus camarae","WP_462412891.1"
"Mesobacillus","Mesobacillus sp.","WP_488594293.1"
"Paenibacillus","Paenibacillus lycopersici","WP_162357576.1"
"Brevibacillus","Brevibacillus massiliensis","WP_019123411.1"
"Fictibacillus","Fictibacillus sp. 5RED26","WP_197130092.1"
"Fictibacillus","Fictibacillus nanhaiensis","WP_251322856.1"
"unclassified","unclassified Paenibacillus","WP_379304933.1"
"Paenibacillus","Paenibacillus sp. GM2","WP_068780233.1"
"Bacillus","Bacillus sp. JJ1122","WP_335378743.1"
"Fictibacillus","Fictibacillus sp. 18YEL24","WP_197221039.1"
"Paenibacillus","Paenibacillus lautus","WP_430165472.1"
"Staphylococcus","Staphylococcus aureus","WP_263974792.1"
"Bacillus","Bacillus cereus","WP_098594832.1"
"Bacillus","Bacillus massiliigorillae","WP_042347136.1"
"Marinithermofilum","Marinithermofilum abyssi","GGE24238.1"
"Paenibacillus","Paenibacillus prosopidis","WP_114383179.1"
"Ferdinandcohnia","Ferdinandcohnia quinoae","WP_240257101.1"
"Bacillus","Bacillus luti","WP_312504953.1"
"Bacillus","Bacillus sp. es.036","WP_098442791.1"
"Luxibacter","Luxibacter massiliensis","WP_122641935.1"
"Halalkalibacter","Halalkalibacter sp. AB-rgal2","WP_373648050.1"
"Bacillus","Bacillus sp. (in: firmicutes)","MFZ0443857.1"
"Bacillus","Bacillus mycoides","WP_429691016.1"
"Bacillus","Bacillus sp. EAC","WP_088044239.1"
"Mesobacillus","Mesobacillus campisalis","WP_046525541.1"
"Neobacillus","Neobacillus piezotolerans","RDU38064.1"
"Neobacillus","Neobacillus niacini","WP_420489575.1"
"Bacillus","Bacillus mycoides","WP_431184321.1"
"Pseudoneobacillus","Pseudoneobacillus rhizolycopersici","MHC0037995.1"
"Neobacillus","Neobacillus niacini","WP_034677067.1"
"Desertibacillus","Desertibacillus haloalkaliphilus","MBU8907506.1"
"Neobacillus","Neobacillus niacini","WP_045516632.1"
"Bacillus","Bacillus cereus","TKI10472.1"
"Bacillus","Bacillus cytotoxicus","WP_279671336.1"
"Bacillus","Bacillus pacificus","MIF0571434.1"
"Bacillus","Bacillus wiedmannii","WP_098962164.1"
"Paenibacillus","Paenibacillus sp. Soil787","WP_414858904.1"
"Bacillus","Bacillus sp. FJAT-42376","WP_123913988.1"
"Neobacillus","Neobacillus sp. DY30","WP_283860343.1"
"Bacillus","Bacillus paramycoides","WP_472873237.1"
"Bacillus","Bacillus massilinigeriensis","WP_075980571.1"
"Bacillus","Bacillus","WP_095117755.1"
"Lederbergia","Lederbergia citrea","WP_213106905.1"
"[Anoxybacillus","[Anoxybacillus","MBA2872575.1"
"Tumebacillus","Tumebacillus amylolyticus","WP_201634335.1"
"Neobacillus","Neobacillus notoginsengisoli","WP_118919025.1"
"Bacillus","Bacillus velezensis","WP_194222697.1"
"Bacillus","Bacillus sp. LK7","WP_048368281.1"
"Bacillus","Bacillus sp. B6(2022)","MDG3044769.1"
"Neobacillus","Neobacillus drentensis","WP_335693847.1"
"Chryseobacillus","Chryseobacillus diguaensis","WP_421652894.1"
"Neobacillus","Neobacillus sp. 204","WP_410895171.1"
"Fictibacillus","Fictibacillus phosphorivorans","WP_251311815.1"
"Brevibacillus","Brevibacillus thermoruber","WP_035299371.1"
"Peribacillus","Peribacillus glennii","WP_117321389.1"
"Gottfriedia","Gottfriedia acidiceleris","WP_331222624.1"
"Paenibacillus","Paenibacillus validus","WP_328133233.1"
"Thermicanaceae","Thermicanaceae bacterium 3446A","GAC2544471.1"
"Paenibacillus","Paenibacillus aestuarii","WP_270879558.1"
"Peribacillus","Peribacillus muralis","WP_427676494.1"
"Peribacillus","Peribacillus folii","WP_285767349.1"
"Metabacillus","Metabacillus halosaccharovorans","WP_368657027.1"
"Paenibacillus","Paenibacillus","WP_127605224.1"
"Peribacillus","Peribacillus sp. SIMBA_075","WP_410861556.1"
"Peribacillus","Peribacillus sp. NPDC097295","WP_402961649.1"
"Bacillus","Bacillus aerolatus","WP_152151021.1"
"Peribacillus","Peribacillus faecalis","WP_190997881.1"
"Metabacillus","Metabacillus endolithicus","WP_476138694.1"
"Peribacillus","Peribacillus butanolivorans","WP_328115606.1"
"Paenibacillus","Paenibacillus cremeus","WP_144851136.1"
"Bacilli","Bacilli bacterium","MDB5083210.1"
"Lederbergia","Lederbergia sp. B263.17","WP_488128489.1"
"Peribacillus","Peribacillus muralis","WP_377363636.1"
"Effusibacillus","Effusibacillus dendaii","WP_200759780.1"
"Fictibacillus","Fictibacillus nanhaiensis","WP_328085371.1"
"Peribacillus","Peribacillus sp. Bi96","WP_230160735.1"
"Paenibacillus","Paenibacillus hamazuiensis","WP_248926019.1"
"Fictibacillus","Fictibacillus halophilus","WP_379833095.1"
"Bacillus","Bacillus methanolicus","WP_004434480.1"
"Thermoactinomyces","Thermoactinomyces sp. CICC 10523","WP_198055245.1"
"Ectobacillus","Ectobacillus panaciterrae","WP_028399816.1"
"Neobacillus","Neobacillus drentensis","WP_335380356.1"
"Brevibacillus","Brevibacillus fluminis","WP_441071149.1"
"Paenalicyclobacillus","Paenalicyclobacillus shizuokensis","MCL6626766.1"
"Aneurinibacillus","Aneurinibacillus","WP_057899132.1"
"Peribacillus","Peribacillus butanolivorans","WP_377429048.1"
"Bacillus","Bacillus wiedmannii","PFX61598.1"
"Fictibacillus","Fictibacillus barbaricus","WP_310256373.1"
"Bacillus","Bacillus sp. (in: firmicutes)","MGM9923677.1"
"Fictibacillus","Fictibacillus sp. BK138","WP_130296300.1"
"Laceyella","Laceyella putida","WP_379883240.1"
"Brevibacillus","Brevibacillus panacihumi","WP_023555514.1"
"Metabacillus","Metabacillus elymi","WP_396652556.1"
"Caldalkalibacillus","Caldalkalibacillus uzonensis","MDQ0339720.1"
"Tumebacillus","Tumebacillus amylolyticus","WP_201637248.1"
"Paenibacillus","Paenibacillus litoralis","WP_409340376.1"
"Polycladomyces","Polycladomyces zharkentensis","MBN2909913.1"
"Paenibacillus","Paenibacillus sp. MSJ-34","WP_216539374.1"
"Fictibacillus","Fictibacillus marinisediminis","WP_248251299.1"
"Bacillus","Bacillus fengqiuensis","MDQ0246819.1"
"Paenibacillus","Paenibacillus rigui","WP_094018107.1"
"Fictibacillus","Fictibacillus aquaticus","WP_106408326.1"
"Paenibacillus","Paenibacillus sp. 32352","WP_079912207.1"
"Bacillus","Bacillus sp. sid0103","WP_218349955.1"
"Bacillus","Bacillus sp. 03113","WP_141432734.1"
"Priestia","Priestia taiwanensis","WP_188387358.1"
"Bacillus","Bacillus carboniphilus","WP_343800368.1"
"Brevibacillus","Brevibacillus laterosporus","WP_277547866.1"
"bacterium","bacterium LRH843","NEU32503.1"
"Paenibacillus","Paenibacillus hemerocallicola","WP_139602672.1"
"Priestia","Priestia endophytica","WP_430107234.1"
"Peribacillus","Peribacillus frigoritolerans","WP_406627522.1"
"Paenibacillus","Paenibacillus sp. GSMTC-2017","WP_197936813.1"
"Bacillus","Bacillus sp. (in: firmicutes)","MGM9927791.1"
"Paenibacillus","Paenibacillus mesophilus","WP_138883804.1"
"Brevibacillus","Brevibacillus sp.","MDF2683787.1"
"Brevibacillus","Brevibacillus soli","MFY0543892.1"
"Mesobacillus","Mesobacillus foraminis","WP_132004928.1"
"Brevibacillus","Brevibacillus sp. GCM10020057","WP_376880293.1"
"Neobacillus","Neobacillus kokaensis","GHI00462.1"
"Paenibacillus","Paenibacillus sp. JCM 18996","WP_464655800.1"
"Cohnella","Cohnella terricola","WP_144702989.1"
"Oceanobacillus","Oceanobacillus chungangensis","WP_115749690.1"
"Paenibacillus","Paenibacillus sp. N3.4","WP_147951619.1"
"Metabacillus","Metabacillus mangrovi","WP_155113495.1"
"Alicyclobacillus","Alicyclobacillus sp. SO9","WP_198850312.1"
"Fictibacillus","Fictibacillus nanhaiensis","WP_205726466.1"
"Alicyclobacillaceae","Alicyclobacillaceae bacterium","MBX5437334.1"
"Neobacillus","Neobacillus cucumis","WP_251571072.1"
"Peribacillus","Peribacillus sp. FSL E2-0218","WP_340372058.1"
"Cytobacillus","Cytobacillus sp. FSL W7-1323","WP_342488814.1"
"Paenibacillus","Paenibacillus psychroresistens","WP_155701669.1"
"Paenibacillus","Paenibacillus sp. HJGM_3","WP_405452270.1"
"Paenibacillus","Paenibacillus sp. XY282","MII2459208.1"
"Aneurinibacillus","Aneurinibacillus sp. Ricciae_BoGa-3","WP_272441491.1"
"Paenibacillaceae","Paenibacillaceae bacterium","MEX2462397.1"
"Brevibacillus","Brevibacillus sp. NRS-1366","WP_429833080.1"
"Neobacillus","Neobacillus sp. SRL179","WP_490210862.1"
"Fictibacillus","Fictibacillus aquaticus","WP_379675173.1"
"Aneurinibacillus","Aneurinibacillus","WP_146811972.1"
"unclassified","unclassified Paenibacillus","WP_210022903.1"
"Bacillus","Bacillus","WP_006636650.1"
"Paenibacillus","Paenibacillus sp. GYB004","WP_332074911.1"
"Paenibacillus","Paenibacillus sp. FSL H8-0034","WP_341156358.1"
"Bacillus","Bacillus testis","WP_050614951.1"
"Seinonella","Seinonella peptonophila","WP_073152071.1"
"Cohnella","Cohnella caldifontis","WP_276352366.1"
"Bacillus","Bacillus paralicheniformis","WP_079289573.1"
"Brevibacillus","Brevibacillus sp. LEMMJ03","WP_044899156.1"
"Cytobacillus","Cytobacillus sp. Hz8","WP_375842047.1"
"Alteribacillus","Alteribacillus sp. JSM 102045","WP_375006222.1"
"Bacillus","Bacillus sp. SA1-12","WP_046589905.1"
"unclassified","unclassified Paenibacillus","WP_379368056.1"
"Bacillota","Bacillota bacterium","MGM0877780.1"
"Paenibacillus","Paenibacillus allorhizosphaerae","WP_218096585.1"
"Neobacillus","Neobacillus niacini","WP_310192601.1"
"Neobacillus","Neobacillus sp. K501","WP_454817849.1"
"Bacillus","Bacillus sp. T33-2","WP_101585583.1"
"uncultured","uncultured Paenibacillus sp.","WP_313998428.1"
"Paenibacillus","Paenibacillus sp. S-38","WP_426452717.1"
"Bacillota","Bacillota bacterium","MGM0901813.1"
"Paenibacillus","Paenibacillus sp. RC67","WP_282937361.1"
"Peribacillus","Peribacillus sp. NPDC097225","WP_403124651.1"
"Paenibacillus","Paenibacillus mucilaginosus KNP414","AEI44782.1"
"Paenibacillus","Paenibacillus sp. sgz302191","WP_488437141.1"
"Paenibacillus","Paenibacillus darwinianus","WP_036581690.1"
"Neobacillus","Neobacillus mesonae","WP_251472053.1"
"Brevibacillus","Brevibacillus sp. AY1","WP_280209077.1"
"Paenalicyclobacillus","Paenalicyclobacillus herbarius","WP_026961485.1"
"Cytobacillus","Cytobacillus praedii","WP_419394361.1"
"Bacillus","Bacillus sp. V33-4","WP_101665729.1"
"Paenibacillus","Paenibacillus ferrarius","WP_079409246.1"
"Guptibacillus","Guptibacillus hwajinpoensis","WP_224884942.1"
"Brevibacillus","Brevibacillus choshinensis","WP_327992999.1"
"Bacillus","Bacillus paralicheniformis","WP_326142141.1"
"Bacillus","Bacillus sp. CECT 9360","WP_230126401.1"
"Priestia","Priestia megaterium","WP_328262002.1"
"Metabacillus","Metabacillus sediminis","WP_338780278.1"
"Fictibacillus","Fictibacillus terranigra","WP_290401984.1"
"Tumebacillus","Tumebacillus flagellatus","WP_038086146.1"
"Bacillus","Bacillus paralicheniformis","WP_095289919.1"
"Paenibacillus","Paenibacillus piri","WP_133227702.1"
"Anaerobacillus","Anaerobacillus sp. MEB173","WP_441422930.1"
"unclassified","unclassified Oceanobacillus","WP_336253096.1"
"Paenibacillus","Paenibacillus chartarius","WP_377473303.1"
"Brevibacillus","Brevibacillus choshinensis","WP_203354254.1"
"Paenibacillus","Paenibacillus sp. J2TS4","WP_249730408.1"
"Paenibacillus","Paenibacillus macerans","WP_316561576.1"
"Aneurinibacillus","Aneurinibacillus aneurinilyticus","WP_378432723.1"
"Bacillus","Bacillus sp. URHA0034","WP_476028277.1"
"Ectobacillus","Ectobacillus antri","WP_124565724.1"
"Paenibacillus","Paenibacillus sp. GP183","WP_090792359.1"
"Neobacillus","Neobacillus sp. plas4","WP_484673442.1"
"Psychrobacillus","Psychrobacillus sp. FSL H8-0483","WP_342598111.1"
"Paenibacillus","Paenibacillus sp. J31TS4","WP_213522261.1"
"Paenibacillus","Paenibacillus sp. NPDC056579","WP_379455811.1"
"Siminovitchia","Siminovitchia acidinfaciens","WP_126051897.1"
"unclassified","unclassified Bacillus (in: firmicutes)","WP_090914672.1"
"Neobacillus","Neobacillus drentensis","WP_335713934.1"
"Robertmurraya","Robertmurraya siralis","WP_095313795.1"
"Siminovitchia","Siminovitchia fordii","WP_018709274.1"
"Brevibacillus","Brevibacillus brevis","WP_310766258.1"
"Cohnella","Cohnella sp.","MDB4866102.1"
"Paenalicyclobacillus","Paenalicyclobacillus macrosporangiidus","WP_074952966.1"
"Paenibacillus","Paenibacillus lacisediminis","WP_410998366.1"
"Neobacillus","Neobacillus pocheonensis","WP_430139450.1"
"Bacillus","Bacillus sp. SORGH_AS_0510","WP_307286092.1"
"Melghirimyces","Melghirimyces profundicolus","WP_108021762.1"
"Cytobacillus","Cytobacillus oceanisediminis","WP_394138974.1"
"Paenibacillus","Paenibacillus naphthalenovorans","WP_430067414.1"
"Fictibacillus","Fictibacillus sp. S7","WP_129478023.1"
"Siminovitchia","Siminovitchia terrae","WP_120116116.1"
"Paenalicyclobacillus","Paenalicyclobacillus macrosporangiidus","WP_029420075.1"
"Bacillus","Bacillus sp. B-jedd","WP_048824044.1"
"Lederbergia","Lederbergia galactosidilytica","WP_209973508.1"
"Cohnella","Cohnella laeviribosi","WP_019003927.1"
"Niallia","Niallia endozanthoxylica","WP_150438572.1"
"Gordoniibacillus","Gordoniibacillus kamchatkensis","WP_041047436.1"
"Paenibacillus","Paenibacillus sp. sptzw28","WP_220348659.1"
"Alkalihalobacterium","Alkalihalobacterium alkalinitrilicum","WP_078427656.1"
"Paenibacillus","Paenibacillus alkalitolerans","WP_199622513.1"
"Paenibacillus","Paenibacillus agricola","WP_166153030.1"
"Niallia","Niallia sp. Kr1","WP_428912341.1"
"Neobacillus","Neobacillus drentensis","WP_066255848.1"
"Guptibacillus","Guptibacillus hwajinpoensis","WP_347551326.1"
"Neobacillus","Neobacillus sp. OS1-2","WP_308109758.1"
"Bacillus","Bacillus changyiensis","WP_271342263.1"
"Niallia","Niallia oryzisoli","WP_338448435.1"
"Paenibacillus","Paenibacillus agricola","WP_166153998.1"
"Schinkia","Schinkia azotoformans","WP_328231265.1"
"Neobacillus","Neobacillus vireti","WP_024030399.1"
"Neobacillus","Neobacillus sp. YIM B06451","WP_316571384.1"
"Caldalkalibacillus","Caldalkalibacillus salinus","WP_202078830.1"
"Bacillus","Bacillus","WP_053602024.1"
"Paenibacillus","Paenibacillus macerans","WP_328272521.1"
"Paenibacillus","Paenibacillus sp. HJGM_3","WP_405452319.1"
"Desmospora","Desmospora activa","WP_107725770.1"
"Paenibacillus","Paenibacillus baekrokdamisoli","WP_125653880.1"
"Bacillus","Bacillus sp. UNC322MFChir4.1","WP_035431194.1"
"Metabacillus","Metabacillus schmidteae","WP_175639347.1"
"Cohnella","Cohnella pontilimi","WP_136775662.1"
"Neobacillus","Neobacillus sp. GCM10023253","WP_378582455.1"
"Paenibacillus","Paenibacillus doosanensis","WP_259618740.1"
"Bacillus","Bacillus sp. (in: firmicutes)","MBO8178592.1"
"Paenibacillus","Paenibacillus sp. V4I3","WP_307439492.1"
"Neobacillus","Neobacillus sp. B24","WP_464507387.1"
"Paenibacillus","Paenibacillus","WP_201318857.1"
"Paenibacillus","Paenibacillus ehimensis","WP_127486385.1"
"Paenibacillus","Paenibacillus sp. UNC451MF","WP_028550282.1"
"Alkalihalobacterium","Alkalihalobacterium elongatum","WP_216831344.1"
"Bacillus","Bacillus sp. 123MFChir2","WP_020060407.1"
"Fodinisporobacter","Fodinisporobacter ferrooxydans","WP_347436267.1"
"Desmospora","Desmospora profundinema","WP_309860707.1"
"Halobacillus","Halobacillus sp. Nhm2S1","WP_220583459.1"
"Paenibacillus","Paenibacillus castaneae","WP_102713148.1"
"Paenactinomyces","Paenactinomyces guangxiensis","WP_181752642.1"
"unclassified","unclassified Paenibacillus","WP_379302740.1"
"Oceanobacillus","Oceanobacillus piezotolerans","WP_121524854.1"
"Brevibacillus","Brevibacillus sp. SAFN-007a","WP_440242499.1"
"Paenibacillus","Paenibacillus","WP_082207828.1"
"Alteribacillus","Alteribacillus bidgolensis","WP_091587821.1"
"Bacillus","Bacillus sp. TL12","WP_241815991.1"
"Paenibacillus","Paenibacillus thermoaerophilus","WP_138788096.1"
"Paenibacillus","Paenibacillus filicis","WP_341417155.1"
"Paenibacillus","Paenibacillus naphthalenovorans","WP_474324192.1"
"Bacillus","Bacillus swezeyi","WP_307893770.1"
"Peribacillus","Peribacillus sp. NPDC096379","WP_403071455.1"
"Alicyclobacillus","Alicyclobacillus fodiniaquatilis","WP_377943444.1"
"Gottfriedia","Gottfriedia luciferensis","WP_088072815.1"
"Paenibacillus","Paenibacillus puerhi","WP_159887326.1"
"Paenibacillus","Paenibacillus sp. FSL K6-0276","WP_340006100.1"
"Neobacillus","Neobacillus bataviensis","WP_144568270.1"
"Paenibacillus","Paenibacillus sp. J2TS4","WP_213583967.1"
"Alkalihalobacillus","Alkalihalobacillus sp. AL-G","WP_304978657.1"
"Fictibacillus","Fictibacillus fluitans","WP_301166095.1"
"Ectobacillus","Ectobacillus funiculus","WP_129729220.1"
"Bacillus","Bacillus sp. FJAT-29814","WP_066308054.1"
"Paenalicyclobacillus","Paenalicyclobacillus mengziensis","WP_428978648.1"
"Bacillus","Bacillus sp. FJAT-50079","WP_213139593.1"
"Paenibacillus","Paenibacillus faecalis","WP_106769287.1"
"Pseudalkalibacillus","Pseudalkalibacillus sp. A8","WP_408011515.1"
"Paenibacillus","Paenibacillus sp. MY03","WP_087567509.1"
"Paenibacillus","Paenibacillus periandrae","WP_240414842.1"
"Ectobacillus","Ectobacillus polymachus","WP_416826221.1"
"Paenibacillus","Paenibacillus aestuarii","WP_270881127.1"
"Bacillus","Bacillus sp. S/N-304-OC-R1","WP_221847011.1"
"Paenibacillus","Paenibacillus sp. yr247","WP_090824024.1"
"Brevibacillus","Brevibacillus humidisoli","WP_230045353.1"
"Paenibacillus","Paenibacillus sp. GCM10027626","WP_379322404.1"
"Paenibacillus","Paenibacillus thalictri","WP_131015618.1"
"Paenibacillus","Paenibacillus sp. L3-i20","WP_238191226.1"
"Metabacillus","Metabacillus kandeliae","WP_231788852.1"
"Paenibacillus","Paenibacillus sp. SYP-B3998","WP_163954142.1"
"Bacillus","Bacillus sp. AP8","WP_019240802.1"
"Paenibacillus","Paenibacillus sp. Soil522","WP_056637392.1"
"Brevibacillus","Brevibacillus sp. DP1.3A","WP_173617751.1"
"Paenibacillus","Paenibacillus aurantius","WP_315607124.1"
"Bacillus","Bacillus kalamii","WP_412889570.1"
"Metabacillus","Metabacillus sp. 113a","WP_426863372.1"
"Paenibacillus","Paenibacillus abyssi","WP_188530354.1"
"Marininema","Marininema mesophilum","WP_091734471.1"
"Paenibacillus","Paenibacillus thermotolerans","WP_274365841.1"
"Halobacillus","Halobacillus sp. BBL2006","WP_035545486.1"
"Cytobacillus","Cytobacillus depressus","WP_151532787.1"
"unclassified","unclassified Paenibacillus","WP_210021420.1"
"Brevibacillus","Brevibacillus ginsengisoli","WP_426927781.1"
"Bacillus","Bacillus pseudomycoides","WP_144568500.1"
"Paenibacillus","Paenibacillus sp. F024","WP_488977595.1"
"Brevibacillus","Brevibacillus sp. B_LB10_24","WP_408108662.1"
"Siminovitchia","Siminovitchia","WP_077114160.1"
"Paenibacillus","Paenibacillus marchantiophytorum","GFZ93307.1"
"Paenibacillus","Paenibacillus oralis","WP_246061953.1"
"Paenibacillus","Paenibacillus aceris","WP_167056766.1"
"Paenibacillus","Paenibacillus ginsengarvi","WP_240041135.1"
"Paenibacillus","Paenibacillus sp. J2L1-98","WP_475824833.1"
"Bacillus","Bacillus sp. DX4.1","WP_289371338.1"
"Bacillaceae","Bacillaceae","WP_149871263.1"
"Paenibacillus","Paenibacillus sp. Marseille-P2973","WP_211020662.1"
"Neobacillus","Neobacillus sp. DFD-2R","WP_488313931.1"
"Salipaludibacillus","Salipaludibacillus sp. CUR1","WP_230896616.1"
"Sporosarcina","Sporosarcina soli","WP_381439362.1"
"Brevibacillus","Brevibacillus gelatini","WP_122903867.1"
"Bacillus","Bacillus sp. 1NLA3E","WP_015591994.1"
"Brevibacillus","Brevibacillus agri","WP_310670671.1"
"Ammoniphilus","Ammoniphilus soli","WP_367752922.1"
"Paenibacillus","Paenibacillus planticolens","WP_171681600.1"
"Bacillus","Bacillus sp. CGMCC 1.16607","WP_377878078.1"
"Cohnella","Cohnella sp. CFH 77786","WP_219639481.1"
"Paenibacillus","Paenibacillus sp. J2R1T-4","MIF9978659.1"
"Paenibacillus","Paenibacillus sp. HWE-109","WP_238171584.1"
"Paenibacillus","Paenibacillus gyeongsangnamensis","WP_269880234.1"
"Bacillus","Bacillus sp. JJ1521","WP_335370013.1"
"Paenibacillus","Paenibacillus sp. Soil750","WP_056619250.1"
"Paenibacillus","Paenibacillus fonticola","WP_019638724.1"
"Paenibacillus","Paenibacillus sp. 1_12","WP_091171297.1"
"Cohnella","Cohnella kolymensis","WP_041067727.1"
"Brevibacillus","Brevibacillus reuszeri","WP_376909552.1"
"Bacillus","Bacillus sp. ISL-39","WP_215022250.1"
"Paenibacillus","Paenibacillus sp. JMULE4","WP_174350539.1"
"Neobacillus","Neobacillus mesonae","WP_127484440.1"
"Paenibacillus","Paenibacillus","WP_049869145.1"
"Paenibacillus","Paenibacillus hamazuiensis","WP_248925999.1"
"Pseudalkalibacillus","Pseudalkalibacillus berkeleyi","WP_236331319.1"
"Paenibacillus","Paenibacillus profundus","WP_233696727.1"
"Paenibacillus","Paenibacillus abyssi","WP_188530979.1"
"Paenibacillus","Paenibacillus sp. J31P13","WP_475797351.1"
"Paenibacillus","Paenibacillus sp. N3/727","WP_481856752.1"
"Microbacteriaceae","Microbacteriaceae bacterium 4G12","MFD3449695.1"
"Bacillus","Bacillus sp. FJAT-29937","WP_066300398.1"
"Bacillus","Bacillus toyonensis","WP_262734323.1"
"Paenibacillus","Paenibacillus hemerocallicola","WP_139602670.1"
"Paenibacillus","Paenibacillus paridis","WP_139998519.1"
"Neobacillus","Neobacillus terrae","WP_166026058.1"
"Rossellomorea","Rossellomorea aquimaris","WP_224874912.1"
"Neobacillus","Neobacillus vireti","WP_335503957.1"
"Bacillus","Bacillus sp. JJ1609","WP_335430990.1"
"Bacillus","Bacillus anthracis","WP_325805767.1"
"Brevibacillus","Brevibacillus centrosporus","WP_411502621.1"
"Melghirimyces","Melghirimyces profundicolus","WP_108022050.1"
"Mesobacillus","Mesobacillus jeotgali","WP_079508713.1"
"Oceanobacillus","Oceanobacillus salinisoli","WP_156288261.1"
"Paenibacillus","Paenibacillus sp. sgz302148","WP_474678985.1"
"Collibacillus","Collibacillus ludicampi","GIM47697.1"
"Paenibacillus","Paenibacillus sp. YSY-4.3","WP_460318716.1"
"Paenibacillus","Paenibacillus puerhi","WP_159886549.1"
"Halobacillus","Halobacillus litoralis","WP_226588834.1"
"Bacillus","Bacillus sp. FJAT-27225","WP_066202683.1"
"Paenibacillus","Paenibacillus sp. J22R160","MIF9986139.1"
"Brevibacillus","Brevibacillus agri","WP_122953408.1"
"Paenibacillus","Paenibacillus silvestris","WP_161405329.1"
