"","x"
"1","WP_259592873.1"
"2","WP_136290222.1"
"3","WP_138068659.1"
"4","WP_077353871.1"
"5","EAC2412716.1"
"6","EAE7854086.1"
"7","HDD0571723.1"
"8","WP_449126154.1"
"9","WP_180706921.1"
"10","WP_272108069.1"
"11","WP_159145831.1"
"12","WP_149027012.1"
"13","WP_239372408.1"
"14","WP_174167550.1"
"15","WP_341117738.1"
"16","WP_172686359.1"
"17","WP_244712289.1"
"18","MIO8983352.1"
"19","AAP11954.1"
"20","WP_449305956.1"
"21","WP_430510494.1"
"22","WP_230460689.1"
"23","WP_262734329.1"
"24","WP_096183859.1"
"25","WP_060647049.1"
"26","MGM0852453.1"
"27","WP_078410373.1"
"28","WP_014642915.1"
"29","WP_251870361.1"
"30","WP_439251850.1"
"31","WP_089751961.1"
"32","MGB8000546.1"
"33","WP_406946048.1"
"34","WP_046681616.1"
"35","WP_179595939.1"
"36","WP_090831756.1"
"37","WP_338472432.1"
"38","HWO95046.1"
"39","WP_160917664.1"
"40","WP_251556452.1"
"41","WP_283152618.1"
"42","WP_206946261.1"
"43","WP_251525773.1"
"44","WP_380704826.1"
"45","WP_256240891.1"
"46","WP_464867902.1"
"47","WP_251462521.1"
"48","WP_224894603.1"
"49","WP_132949104.1"
"50","WP_085028540.1"
"51","WP_251284200.1"
"52","WP_238178155.1"
"53","WP_066198254.1"
"54","WP_004436721.1"
"55","MDQ0216070.1"
"56","WP_098118052.1"
"57","WP_181740007.1"
"58","WP_090635197.1"
"59","WP_203555391.1"
"60","WP_378935837.1"
"61","WP_483295242.1"
"62","WP_191158009.1"
"63","WP_191815135.1"
"64","MDQ0268595.1"
"65","WP_264737799.1"
"66","WP_477555794.1"
"67","WP_213126922.1"
"68","WP_430241152.1"
"69","WP_404354919.1"
"70","WP_060206736.1"
"71","WP_309866557.1"
"72","WP_338753039.1"
"73","WP_304415071.1"
"74","WP_209149902.1"
"75","WP_409972123.1"
"76","WP_341419750.1"
"77","WP_379596765.1"
"78","WP_264806830.1"
"79","USK33104.1"
"80","WP_427408972.1"
"81","WP_205186330.1"
"82","WP_205174600.1"
"83","WP_135555307.1"
"84","WP_488980864.1"
"85","WP_184525239.1"
"86","WP_019419012.1"
"87","WP_207450710.1"
"88","WP_101569076.1"
"89","WP_071355272.1"
"90","WP_393202637.1"
"91","WP_269411479.1"
"92","WP_335963767.1"
"93","WP_308173812.1"
"94","WP_425653140.1"
"95","WP_221568249.1"
"96","WP_122917628.1"
"97","WP_474962257.1"
"98","WP_144463642.1"
"99","WP_417899701.1"
"100","WP_411789310.1"
"101","WP_163099783.1"
"102","WP_380772463.1"
"103","WP_411257161.1"
"104","WP_209123616.1"
"105","WP_042461349.1"
"106","WP_201648119.1"
"107","WP_072327887.1"
"108","WP_175245556.1"
"109","WP_097160670.1"
"110","WP_379053633.1"
"111","WP_377915070.1"
"112","WP_408009875.1"
"113","WP_435556161.1"
"114","WP_026965462.1"
"115","WP_243355304.1"
"116","NYE04466.1"
"117","WP_059173150.1"
"118","WP_214722636.1"
"119","WP_394603343.1"
"120","WP_203557025.1"
"121","WP_475728884.1"
"122","WP_374720823.1"
"123","WP_379269293.1"
"124","MDP4154369.1"
"125","WP_370222952.1"
"126","WP_136351696.1"
"127","WP_335395742.1"
"128","WP_144932641.1"
"129","WP_251483494.1"
"130","WP_212774699.1"
"131","WP_307228611.1"
"132","WP_335704340.1"
"133","WP_473724875.1"
"134","WP_063179227.1"
"135","CAG9607584.1"
"136","WP_475096464.1"
"137","WP_342431230.1"
"138","WP_402622449.1"
"139","WP_165207533.1"
"140","OYD06880.1"
"141","WP_217038403.1"
"142","WP_341071942.1"
"143","WP_198767423.1"
"144","WP_210366632.1"
"145","WP_408108273.1"
"146","TYR78616.1"
"147","WP_133335353.1"
"148","WP_252295250.1"
"149","WP_307409558.1"
"150","WP_309154692.1"
"151","WP_144699461.1"
"152","WP_213104404.1"
"153","WP_335424268.1"
"154","WP_475427769.1"
"155","WP_113969670.1"
"156","RNB68160.1"
"157","WP_256233886.1"
"158","WP_125478656.1"
"159","WP_409274892.1"
"160","WP_251407829.1"
"161","WP_201714665.1"
"162","WP_239432773.1"
"163","MBP3040987.1"
"164","WP_110044842.1"
"165","WP_310759810.1"
"166","MGE5702986.1"
"167","WP_062493101.1"
"168","WP_340915254.1"
"169","WP_135151542.1"
"170","WP_119116690.1"
"171","WP_335353722.1"
"172","WP_218090145.1"
"173","WP_462412891.1"
"174","WP_488594293.1"
"175","WP_162357576.1"
"176","WP_019123411.1"
"177","WP_197130092.1"
"178","WP_251322856.1"
"179","WP_379304933.1"
"180","WP_068780233.1"
"181","WP_335378743.1"
"182","WP_197221039.1"
"183","WP_430165472.1"
"184","WP_263974792.1"
"185","WP_098594832.1"
"186","WP_042347136.1"
"187","GGE24238.1"
"188","WP_114383179.1"
"189","WP_240257101.1"
"190","WP_312504953.1"
"191","WP_098442791.1"
"192","WP_122641935.1"
"193","WP_373648050.1"
"194","MFZ0443857.1"
"195","WP_429691016.1"
"196","WP_088044239.1"
"197","WP_046525541.1"
"198","RDU38064.1"
"199","WP_420489575.1"
"200","WP_431184321.1"
"201","MHC0037995.1"
"202","WP_034677067.1"
"203","MBU8907506.1"
"204","WP_045516632.1"
"205","TKI10472.1"
"206","WP_279671336.1"
"207","MIF0571434.1"
"208","WP_098962164.1"
"209","WP_414858904.1"
"210","WP_123913988.1"
"211","WP_283860343.1"
"212","WP_472873237.1"
"213","WP_075980571.1"
"214","WP_095117755.1"
"215","WP_213106905.1"
"216","MBA2872575.1"
"217","WP_201634335.1"
"218","WP_118919025.1"
"219","WP_194222697.1"
"220","WP_048368281.1"
"221","MDG3044769.1"
"222","WP_335693847.1"
"223","WP_421652894.1"
"224","WP_410895171.1"
"225","WP_251311815.1"
"226","WP_035299371.1"
"227","WP_117321389.1"
"228","WP_331222624.1"
"229","WP_328133233.1"
"230","GAC2544471.1"
"231","WP_270879558.1"
"232","WP_427676494.1"
"233","WP_285767349.1"
"234","WP_368657027.1"
"235","WP_127605224.1"
"236","WP_410861556.1"
"237","WP_402961649.1"
"238","WP_152151021.1"
"239","WP_190997881.1"
"240","WP_476138694.1"
"241","WP_328115606.1"
"242","WP_144851136.1"
"243","MDB5083210.1"
"244","WP_488128489.1"
"245","WP_377363636.1"
"246","WP_200759780.1"
"247","WP_328085371.1"
"248","WP_230160735.1"
"249","WP_248926019.1"
"250","WP_379833095.1"
"251","WP_004434480.1"
"252","WP_198055245.1"
"253","WP_028399816.1"
"254","WP_335380356.1"
"255","WP_441071149.1"
"256","MCL6626766.1"
"257","WP_057899132.1"
"258","WP_377429048.1"
"259","PFX61598.1"
"260","WP_310256373.1"
"261","MGM9923677.1"
"262","WP_130296300.1"
"263","WP_379883240.1"
"264","WP_023555514.1"
"265","WP_396652556.1"
"266","MDQ0339720.1"
"267","WP_201637248.1"
"268","WP_409340376.1"
"269","MBN2909913.1"
"270","WP_216539374.1"
"271","WP_248251299.1"
"272","MDQ0246819.1"
"273","WP_094018107.1"
"274","WP_106408326.1"
"275","WP_079912207.1"
"276","WP_218349955.1"
"277","WP_141432734.1"
"278","WP_188387358.1"
"279","WP_343800368.1"
"280","WP_277547866.1"
"281","NEU32503.1"
"282","WP_139602672.1"
"283","WP_430107234.1"
"284","WP_406627522.1"
"285","WP_197936813.1"
"286","MGM9927791.1"
"287","WP_138883804.1"
"288","MDF2683787.1"
"289","MFY0543892.1"
"290","WP_132004928.1"
"291","WP_376880293.1"
"292","GHI00462.1"
"293","WP_464655800.1"
"294","WP_144702989.1"
"295","WP_115749690.1"
"296","WP_147951619.1"
"297","WP_155113495.1"
"298","WP_198850312.1"
"299","WP_205726466.1"
"300","MBX5437334.1"
"301","WP_251571072.1"
"302","WP_340372058.1"
"303","WP_342488814.1"
"304","WP_155701669.1"
"305","WP_405452270.1"
"306","MII2459208.1"
"307","WP_272441491.1"
"308","MEX2462397.1"
"309","WP_429833080.1"
"310","WP_490210862.1"
"311","WP_379675173.1"
"312","WP_146811972.1"
"313","WP_210022903.1"
"314","WP_006636650.1"
"315","WP_332074911.1"
"316","WP_341156358.1"
"317","WP_050614951.1"
"318","WP_073152071.1"
"319","WP_276352366.1"
"320","WP_079289573.1"
"321","WP_044899156.1"
"322","WP_375842047.1"
"323","WP_375006222.1"
"324","WP_046589905.1"
"325","WP_379368056.1"
"326","MGM0877780.1"
"327","WP_218096585.1"
"328","WP_310192601.1"
"329","WP_454817849.1"
"330","WP_101585583.1"
"331","WP_313998428.1"
"332","WP_426452717.1"
"333","MGM0901813.1"
"334","WP_282937361.1"
"335","WP_403124651.1"
"336","AEI44782.1"
"337","WP_488437141.1"
"338","WP_036581690.1"
"339","WP_251472053.1"
"340","WP_280209077.1"
"341","WP_026961485.1"
"342","WP_419394361.1"
"343","WP_101665729.1"
"344","WP_079409246.1"
"345","WP_224884942.1"
"346","WP_327992999.1"
"347","WP_326142141.1"
"348","WP_230126401.1"
"349","WP_328262002.1"
"350","WP_338780278.1"
"351","WP_290401984.1"
"352","WP_038086146.1"
"353","WP_095289919.1"
"354","WP_133227702.1"
"355","WP_441422930.1"
"356","WP_336253096.1"
"357","WP_377473303.1"
"358","WP_203354254.1"
"359","WP_249730408.1"
"360","WP_316561576.1"
"361","WP_378432723.1"
"362","WP_476028277.1"
"363","WP_124565724.1"
"364","WP_090792359.1"
"365","WP_484673442.1"
"366","WP_342598111.1"
"367","WP_213522261.1"
"368","WP_379455811.1"
"369","WP_126051897.1"
"370","WP_090914672.1"
"371","WP_335713934.1"
"372","WP_095313795.1"
"373","WP_018709274.1"
"374","WP_310766258.1"
"375","MDB4866102.1"
"376","WP_074952966.1"
"377","WP_410998366.1"
"378","WP_430139450.1"
"379","WP_307286092.1"
"380","WP_108021762.1"
"381","WP_394138974.1"
"382","WP_430067414.1"
"383","WP_129478023.1"
"384","WP_120116116.1"
"385","WP_029420075.1"
"386","WP_048824044.1"
"387","WP_209973508.1"
"388","WP_019003927.1"
"389","WP_150438572.1"
"390","WP_041047436.1"
"391","WP_220348659.1"
"392","WP_078427656.1"
"393","WP_199622513.1"
"394","WP_166153030.1"
"395","WP_428912341.1"
"396","WP_066255848.1"
"397","WP_347551326.1"
"398","WP_308109758.1"
"399","WP_271342263.1"
"400","WP_338448435.1"
"401","WP_166153998.1"
"402","WP_328231265.1"
"403","WP_024030399.1"
"404","WP_316571384.1"
"405","WP_202078830.1"
"406","WP_053602024.1"
"407","WP_328272521.1"
"408","WP_405452319.1"
"409","WP_107725770.1"
"410","WP_125653880.1"
"411","WP_035431194.1"
"412","WP_175639347.1"
"413","WP_136775662.1"
"414","WP_378582455.1"
"415","WP_259618740.1"
"416","MBO8178592.1"
"417","WP_307439492.1"
"418","WP_464507387.1"
"419","WP_201318857.1"
"420","WP_127486385.1"
"421","WP_028550282.1"
"422","WP_216831344.1"
"423","WP_020060407.1"
"424","WP_347436267.1"
"425","WP_309860707.1"
"426","WP_220583459.1"
"427","WP_102713148.1"
"428","WP_181752642.1"
"429","WP_379302740.1"
"430","WP_121524854.1"
"431","WP_440242499.1"
"432","WP_082207828.1"
"433","WP_091587821.1"
"434","WP_241815991.1"
"435","WP_138788096.1"
"436","WP_341417155.1"
"437","WP_474324192.1"
"438","WP_307893770.1"
"439","WP_403071455.1"
"440","WP_377943444.1"
"441","WP_088072815.1"
"442","WP_159887326.1"
"443","WP_340006100.1"
"444","WP_144568270.1"
"445","WP_213583967.1"
"446","WP_304978657.1"
"447","WP_301166095.1"
"448","WP_129729220.1"
"449","WP_066308054.1"
"450","WP_428978648.1"
"451","WP_213139593.1"
"452","WP_106769287.1"
"453","WP_408011515.1"
"454","WP_087567509.1"
"455","WP_240414842.1"
"456","WP_416826221.1"
"457","WP_270881127.1"
"458","WP_221847011.1"
"459","WP_090824024.1"
"460","WP_230045353.1"
"461","WP_379322404.1"
"462","WP_131015618.1"
"463","WP_238191226.1"
"464","WP_231788852.1"
"465","WP_163954142.1"
"466","WP_019240802.1"
"467","WP_056637392.1"
"468","WP_173617751.1"
"469","WP_315607124.1"
"470","WP_412889570.1"
"471","WP_426863372.1"
"472","WP_188530354.1"
"473","WP_091734471.1"
"474","WP_274365841.1"
"475","WP_035545486.1"
"476","WP_151532787.1"
"477","WP_210021420.1"
"478","WP_426927781.1"
"479","WP_144568500.1"
"480","WP_488977595.1"
"481","WP_408108662.1"
"482","WP_077114160.1"
"483","GFZ93307.1"
"484","WP_246061953.1"
"485","WP_167056766.1"
"486","WP_240041135.1"
"487","WP_475824833.1"
"488","WP_289371338.1"
"489","WP_149871263.1"
"490","WP_211020662.1"
"491","WP_488313931.1"
"492","WP_230896616.1"
"493","WP_381439362.1"
"494","WP_122903867.1"
"495","WP_015591994.1"
"496","WP_310670671.1"
"497","WP_367752922.1"
"498","WP_171681600.1"
"499","WP_377878078.1"
"500","WP_219639481.1"
"501","MIF9978659.1"
"502","WP_238171584.1"
"503","WP_269880234.1"
"504","WP_335370013.1"
"505","WP_056619250.1"
"506","WP_019638724.1"
"507","WP_091171297.1"
"508","WP_041067727.1"
"509","WP_376909552.1"
"510","WP_215022250.1"
"511","WP_174350539.1"
"512","WP_127484440.1"
"513","WP_049869145.1"
"514","WP_248925999.1"
"515","WP_236331319.1"
"516","WP_233696727.1"
"517","WP_188530979.1"
"518","WP_475797351.1"
"519","WP_481856752.1"
"520","MFD3449695.1"
"521","WP_066300398.1"
"522","WP_262734323.1"
"523","WP_139602670.1"
"524","WP_139998519.1"
"525","WP_166026058.1"
"526","WP_224874912.1"
"527","WP_335503957.1"
"528","WP_335430990.1"
"529","WP_325805767.1"
"530","WP_411502621.1"
"531","WP_108022050.1"
"532","WP_079508713.1"
"533","WP_156288261.1"
"534","WP_474678985.1"
"535","GIM47697.1"
"536","WP_460318716.1"
"537","WP_159886549.1"
"538","WP_226588834.1"
"539","WP_066202683.1"
"540","MIF9986139.1"
"541","WP_122953408.1"
"542","WP_161405329.1"
