ACR48344.1,WP_397823620.1,99.459,370,2,0,1,370,1,370,0.0,712,99.73
ACR48344.1,WP_383223045.1,83.761,351,56,1,18,368,14,363,4.27e-174,499,88.32
ACR48344.1,WP_401908532.1,63.712,361,122,5,5,364,19,371,1.17e-125,376,71.75
ACR48344.1,WSZ97815.1,62.604,361,122,5,5,364,31,379,2.38e-123,371,70.64
ACR48344.1,WP_384935239.1,61.017,354,123,6,16,364,23,366,1.63e-113,345,69.21
ACR48344.1,WP_397617040.1,60.942,361,118,5,20,364,19,372,1.08e-108,333,68.98
ACR48344.1,WP_457500055.1,57.184,348,137,6,20,365,26,363,8.65e-106,325,68.39
ACR48344.1,GGW61421.1,56.941,353,130,8,20,365,26,363,6.15e-102,316,67.42
ACR48344.1,MHH6716856.1,43.059,353,175,9,20,365,8,341,5.66e-62,213,56.09
ACR48344.1,WP_089009171.1,42.933,375,178,11,17,364,5,370,8.31e-62,213,54.93
ACR48344.1,MBA2695623.1,44.225,355,169,11,19,364,7,341,4.27e-61,210,56.34
ACR48344.1,WP_387020048.1,40.379,369,189,6,20,364,8,369,8.20e-60,207,52.03
ACR48344.1,MBB5830122.1,41.600,375,181,9,17,364,5,368,4.34e-59,206,52.00
ACR48344.1,WP_123604194.1,40.318,377,179,8,20,364,8,370,3.04e-58,204,52.52
ACR48344.1,WP_412734792.1,40.110,364,187,7,20,364,8,359,2.24e-57,201,53.30
ACR48344.1,AUS77075.1,40.674,386,196,9,6,364,56,435,3.12e-57,203,51.81
ACR48344.1,WP_167477808.1,40.456,351,186,9,15,363,3,332,3.13e-57,200,54.70
ACR48344.1,WP_157163121.1,42.165,351,171,8,40,364,18,362,4.09e-55,195,52.99
ACR48344.1,MHH6669856.1,41.111,360,173,9,21,365,1,336,4.99e-53,189,52.78
ACR48344.1,WP_396096594.1,41.311,351,183,9,20,364,3,336,3.52e-51,184,51.85
ACR48344.1,MFC7614609.1,41.908,346,172,11,20,363,3,321,8.80e-51,183,56.65
ACR48344.1,WP_357815830.1,41.449,345,169,8,20,364,3,314,1.95e-50,182,53.33
ACR48344.1,WP_397140881.1,40.580,345,172,9,20,364,3,314,2.47e-49,179,53.33
ACR48344.1,HEY0636614.1,41.261,349,183,9,18,364,2,330,1.35e-46,172,52.15
ACR48344.1,HIR6077970.1,41.449,345,149,11,19,356,2,300,3.09e-45,168,53.33
ACR48344.1,WP_317795703.1,41.433,321,158,5,43,363,36,326,9.19e-41,157,53.27


