PYC80217.1,WP_110669044.1,100.000,368,0,0,1,368,1,368,0.0,736,100.00
PYC80217.1,WP_329061020.1,85.278,360,53,0,9,368,8,367,0.0,630,92.78
PYC80217.1,WP_393140656.1,78.333,360,78,0,9,368,8,367,0.0,588,89.72
PYC80217.1,WP_186831849.1,77.049,366,84,0,3,368,2,367,0.0,563,86.89
PYC80217.1,WP_381672452.1,74.255,369,93,2,1,368,1,368,0.0,555,85.09
PYC80217.1,WP_059424809.1,73.913,368,95,1,1,368,1,367,0.0,553,85.05
PYC80217.1,WP_240109677.1,74.728,368,92,1,1,368,1,367,0.0,553,84.78
PYC80217.1,WP_323448729.1,73.713,369,95,2,1,368,1,368,0.0,547,85.37
PYC80217.1,WP_356302456.1,71.237,372,102,2,1,368,1,371,0.0,544,84.14
PYC80217.1,WP_191896693.1,75.272,368,90,1,1,368,1,367,0.0,543,84.24
PYC80217.1,WP_237877082.1,74.863,366,88,1,7,368,6,371,0.0,535,84.97
PYC80217.1,MBN0043327.1,71.505,372,101,2,1,368,1,371,0.0,533,83.33
PYC80217.1,WP_278131141.1,69.832,358,108,0,9,366,8,365,1.51e-179,513,82.40
PYC80217.1,WP_110565432.1,70.474,359,106,0,9,367,8,366,2.13e-170,489,82.45
PYC80217.1,WP_007074886.1,66.574,359,119,1,10,367,8,366,2.26e-166,479,77.16
PYC80217.1,WP_093941962.1,66.017,359,121,1,10,367,9,367,1.48e-163,472,77.99


