Cluster Composition,Cluster Ancestor,Representative sequence,Max Score,Total Score,Query Cover,E value,Per. ident,Acc. Len,Accession  ,serie
4 member(s) 3 organism(s),high G+C Gram-positive bacteria,lantibiotic dehydratase C-terminal domain-containing protein [Streptomyces azureus],697,697,100%,0,99.71,367,#¿NOMBRE?,b
1 member(s) 1 organism(s),high G+C Gram-positive bacteria,lantibiotic dehydratase C-terminal domain-containing protein [Streptomyces sp. MUM 203J],609,609,100%,0,87.17,367,#¿NOMBRE?,b
1 member(s) 1 organism(s),high G+C Gram-positive bacteria,lantibiotic dehydratase C-terminal domain-containing protein [Streptomyces sp. NPDC005438],598,598,100%,0,83.57,371,#¿NOMBRE?,b
6 member(s) 1 organism(s),high G+C Gram-positive bacteria,thiopeptide-type bacteriocin biosynthesis protein [Streptomyces laurentii],595,595,100%,0,84.01,368,#¿NOMBRE?,b
1 member(s) 1 organism(s),high G+C Gram-positive bacteria,lantibiotic dehydratase C-terminal domain-containing protein [Streptomyces yaizuensis],594,594,100%,0,84.88,368,#¿NOMBRE?,b
21 member(s) 5 organism(s),high G+C Gram-positive bacteria,lantibiotic dehydratase C-terminal domain-containing protein [Streptomyces sp. ISID311],590,590,100%,0,86.3,367,#¿NOMBRE?,b
1 member(s) 1 organism(s),high G+C Gram-positive bacteria,hypothetical protein [Streptomyces actuosus],582,582,100%,0,81.27,371,#¿NOMBRE?,b
1 member(s) 1 organism(s),high G+C Gram-positive bacteria,MULTISPECIES: lantibiotic dehydratase C-terminal domain-containing protein [Streptomyces],582,582,100%,0,84.44,371,#¿NOMBRE?,b
3 member(s) 3 organism(s),high G+C Gram-positive bacteria,lantibiotic dehydratase C-terminal domain-containing protein [Planomonospora parontospora],571,571,100%,0,83.38,367,#¿NOMBRE?,b
1 member(s) 1 organism(s),high G+C Gram-positive bacteria,thiopeptide-type bacteriocin biosynthesis protein [Streptomyces tateyamensis],516,516,100%,0,74.05,368,#¿NOMBRE?,b
6 member(s) 6 organism(s),high G+C Gram-positive bacteria,lantibiotic dehydratase C-terminal domain-containing protein [Amycolatopsis sp. NBC_01480],515,515,100%,0,72.3,367,#¿NOMBRE?,b
1 member(s) 1 organism(s),high G+C Gram-positive bacteria,lantibiotic dehydratase C-terminal domain-containing protein [Nonomuraea sp. NPDC047897],502,502,100%,1.00E-175,70.26,367,#¿NOMBRE?,b
2 member(s) 2 organism(s),high G+C Gram-positive bacteria,MULTISPECIES: lantibiotic dehydratase C-terminal domain-containing protein [Micromonospora],471,471,99%,2.00E-163,66.28,366,#¿NOMBRE?,b
2 member(s) 2 organism(s),high G+C Gram-positive bacteria,lantibiotic dehydratase C-terminal domain-containing protein [Micromonospora sp. ATCC 39149],455,455,100%,3.00E-157,65.01,367,#¿NOMBRE?,b
3 member(s) 2 organism(s),high G+C Gram-positive bacteria,lantibiotic dehydratase C-terminal domain-containing protein [Micromonospora arborensis],451,451,100%,8.00E-156,67.54,366,#¿NOMBRE?,b
1 member(s) 1 organism(s),high G+C Gram-positive bacteria,lantibiotic dehydratase C-terminal domain-containing protein [Actinoalloteichus hoggarensis],447,447,100%,3.00E-154,63.56,368,#¿NOMBRE?,b
Cluster Composition,Cluster Ancestor,Representative sequence,Max Score,Total Score,Query Cover,E value,Per. ident,Acc. Len,Accession  ,
,,,,,,,,,,
,,,,,,,,,,
,,,,,,,,,,
"		",,,,,,,,,,
