GAP53281.1,WP_059424809.1,99.708,343,1,0,1,343,25,367,0.0,697,100.00
GAP53281.1,WP_240109677.1,87.172,343,44,0,1,343,25,367,0.0,609,92.71
GAP53281.1,WP_356302456.1,83.573,347,53,1,1,343,25,371,0.0,598,92.80
GAP53281.1,WP_381672452.1,84.012,344,54,1,1,343,25,368,0.0,595,91.57
GAP53281.1,WP_323448729.1,84.884,344,51,1,1,343,25,368,0.0,594,91.57
GAP53281.1,WP_186831849.1,86.297,343,47,0,1,343,25,367,0.0,590,93.88
GAP53281.1,MBN0043327.1,81.268,347,61,2,1,343,25,371,0.0,582,92.22
GAP53281.1,WP_237877082.1,84.438,347,50,1,1,343,25,371,0.0,582,91.93
GAP53281.1,WP_191896693.1,83.382,343,57,0,1,343,25,367,0.0,571,91.25
GAP53281.1,WP_110669044.1,74.052,343,89,0,1,343,26,368,0.0,516,84.55
GAP53281.1,WP_329061020.1,72.303,343,95,0,1,343,25,367,0.0,515,84.84
GAP53281.1,WP_393140656.1,70.262,343,102,0,1,343,25,367,1.26e-175,502,83.38
GAP53281.1,WP_278131141.1,66.276,341,115,0,1,341,25,365,2.22e-163,471,81.52
GAP53281.1,WP_007074886.1,65.015,343,119,1,1,342,24,366,2.74e-157,455,79.01
GAP53281.1,WP_110565432.1,67.544,342,111,0,1,342,25,366,8.47e-156,451,82.75
GAP53281.1,WP_093941962.1,63.557,343,124,1,1,342,25,367,2.85e-154,447,76.68


