Cluster Composition,Cluster Ancestor,Representative sequence,Max Score,Total Score,Query Cover,E value,Per. ident,Acc. Len,Accession  ,serie,,
6 member(s) 2 organism(s),high G+C Gram-positive bacteria,hypothetical protein [Streptomyces griseosporeus],712,712,100%,0,99.46,370,#¿NOMBRE?,e,,
3 member(s) 3 organism(s),high G+C Gram-positive bacteria,MULTISPECIES: hypothetical protein [Streptomyces],499,499,95%,4.00E-174,83.76,365,#¿NOMBRE?,e,,
1 member(s) 1 organism(s),high G+C Gram-positive bacteria,hypothetical protein [Streptomyces sp. NPDC088116],376,376,97%,1.00E-125,63.71,376,#¿NOMBRE?,e,,
1 member(s) 1 organism(s),high G+C Gram-positive bacteria,hypothetical protein OH820_21065 [Streptomyces sp. NBC_00857],371,371,97%,2.00E-123,62.6,384,#¿NOMBRE?,e,,
1 member(s) 1 organism(s),high G+C Gram-positive bacteria,MULTISPECIES: lantibiotic dehydratase C-terminal domain-containing protein [unclassified Streptomyces],345,345,94%,2.00E-113,61.02,371,#¿NOMBRE?,e,,
6 member(s) 3 organism(s),high G+C Gram-positive bacteria,hypothetical protein [Streptomyces afghaniensis],333,333,93%,1.00E-108,60.94,377,#¿NOMBRE?,e,,
2 member(s) 2 organism(s),high G+C Gram-positive bacteria,hypothetical protein [Streptomyces sp. SS8],325,325,94%,9.00E-106,57.18,365,#¿NOMBRE?,e,,
2 member(s) 2 organism(s),high G+C Gram-positive bacteria,hypothetical protein GCM10010381_53240 [Streptomyces xantholiticus],316,316,94%,6.00E-102,56.94,366,#¿NOMBRE?,e,,
1 member(s) 1 organism(s),high G+C Gram-positive bacteria,hypothetical protein [Pseudonocardiaceae bacterium],213,213,94%,6.00E-62,43.06,347,#¿NOMBRE?,e,,
1 member(s) 1 organism(s),high G+C Gram-positive bacteria,hypothetical protein [Micromonospora viridifaciens],213,213,94%,8.00E-62,42.93,380,#¿NOMBRE?,e,,
1 member(s) 1 organism(s),actinobacteria,hypothetical protein [Actinomycetota bacterium],210,210,94%,4.00E-61,44.23,343,#¿NOMBRE?,e,,
5 member(s) 5 organism(s),high G+C Gram-positive bacteria,hypothetical protein [Micromonospora sp. NPDC001898],207,207,93%,8.00E-60,40.38,369,#¿NOMBRE?,e,,
1 member(s) 1 organism(s),high G+C Gram-positive bacteria,hypothetical protein [Micromonospora carbonacea subsp. aurantiaca],206,206,94%,4.00E-59,41.6,381,#¿NOMBRE?,e,,
1 member(s) 1 organism(s),high G+C Gram-positive bacteria,hypothetical protein [Micromonospora sp. Llam0],204,204,93%,3.00E-58,40.32,384,#¿NOMBRE?,e,,
1 member(s) 1 organism(s),high G+C Gram-positive bacteria,hypothetical protein [Krasilnikovia sp. MM14-A1259],201,201,93%,2.00E-57,40.11,359,#¿NOMBRE?,e,,
1 member(s) 1 organism(s),high G+C Gram-positive bacteria,hypothetical protein C1701_00450 [Actinoalloteichus sp. AHMU CJ021],203,203,97%,3.00E-57,40.67,436,#¿NOMBRE?,e,,
2 member(s) 2 organism(s),high G+C Gram-positive bacteria,lantibiotic dehydratase C-terminal domain-containing protein [Nocardia arthritidis],200,200,94%,3.00E-57,40.46,336,#¿NOMBRE?,e,,
1 member(s) 1 organism(s),high G+C Gram-positive bacteria,MULTISPECIES: lantibiotic dehydratase C-terminal domain-containing protein [Actinoalloteichus],195,195,88%,4.00E-55,42.17,363,#¿NOMBRE?,e,,
1 member(s) 1 organism(s),high G+C Gram-positive bacteria,hypothetical protein [Planosporangium sp.],189,189,93%,5.00E-53,41.11,343,#¿NOMBRE?,e,,
1 member(s) 1 organism(s),high G+C Gram-positive bacteria,hypothetical protein [Actinoplanes sp. NPDC051494],184,184,93%,4.00E-51,41.31,336,#¿NOMBRE?,e,,
1 member(s) 1 organism(s),high G+C Gram-positive bacteria,hypothetical protein [Actinokineospora soli],183,183,93%,9.00E-51,41.91,324,#¿NOMBRE?,e,,
1 member(s) 1 organism(s),high G+C Gram-positive bacteria,lantibiotic dehydratase C-terminal domain-containing protein [Nonomuraea sp. NPDC046802],182,182,93%,2.00E-50,41.45,318,#¿NOMBRE?,e,,
2 member(s) 2 organism(s),high G+C Gram-positive bacteria,lantibiotic dehydratase C-terminal domain-containing protein [Nonomuraea sp. NPDC049400],179,179,93%,2.00E-49,40.58,318,#¿NOMBRE?,e,,
1 member(s) 1 organism(s),high G+C Gram-positive bacteria,hypothetical protein [Pseudonocardiaceae bacterium],172,172,94%,1.00E-46,41.26,332,#¿NOMBRE?,e,,
1 member(s) 1 organism(s),high G+C Gram-positive bacteria,hypothetical protein [Pseudonocardiaceae bacterium],168,168,91%,3.00E-45,41.45,318,#¿NOMBRE?,e,,
2 member(s) 1 organism(s),high G+C Gram-positive bacteria,lantibiotic dehydratase C-terminal domain-containing protein [Actinoplanes sichuanensis],157,157,87%,9.00E-41,41.43,329,#¿NOMBRE?,e,,
Cluster Composition,Cluster Ancestor,Representative sequence,Max Score,Total Score,Query Cover,E value,Per. ident,Acc. Len,Accession  ,,,
,,,,,,,,,,,,
,,,,,,,,,,,,
,,,,,,,,,,,,
"		",,,,,,,,,,,,
